lemma,Artikel,Plural,Präteritum,Hilfsverb,PartizipII,plus
Abbau,der,Sg.,,,,
abbauen,,,,,,
abbrechen,,,brach ab,hat,abgebrochen,
abenteuerlich,,,,,,
Abenteuerlust,die,Sg.,,,,
Abfahrt,die,-en,,,,
abgeben,,,gab ab,hat,abgegeben,
abgeschlossen,,,,,,
abgesehen,,,,,,von plus Dat
abgesehen,,,,,,
abgrenzen,,,,,,
Abhängigkeit,die,-en,,,,
ablaufen,,,lief ab,ist,abgelaufen,
ablegen,,,,,,
ablegen,,,,,,
ablegen,,,,,,
ableiten,,,,,,von plus Dat
abriegeln,,,,,,
Absage,die,-n,,,,
Abschiedsszene,die,-n,,,,
abschreiben,,,schreib ab,hat,abgeschrieben,
abschwächen,,,,,,
absolvieren,,,,,,
Absperrung,die,-en,,,,
Absprache,die,-n,,,,
Abstammung,die,-en,,,,
Abstand,der,"""-e",,,,
abstrakt,,,,,,
Abteil,das,-e,,,,
abwägen,,,,,,
abweichen,,,,,,von plus Dat
Acht,die,Sg.,,,,
aggressiv,,,,,,
ähneln,,,,,,
Akademie,die,-n,,,,
akustisch,,,,,,
akut,,,,,,
alkoholfrei,,,,,,
Alleinernährer/in,der/die,-/-nen,,,,
Allesfresser/in,der/die,-/-nen,,,,
Alltagsprodukt,das,-e,,,,
Alltagssprache,die,Sg.,,,,
Alltagsszene,die,-n,,,,
allzu,,,,,,
Alzheimer,der,Sg.,,,,
Amateur-Boxer/in,der/die,-/-nen,,,,
Ampelprinzip,das,Sg.,,,,
Amt,das,"""-er",,,,
amtlich,,,,,,
Amtsinhaber/in,der/die,-/-nen,,,,
Amtssprache,die,-n,,,,
an sich,,,,,,
Analogie,die,-n,,,,
analytisch,,,,,,
Anbau,der,Sg.,,,,
anbringen,,,brachte an,hat,angebracht,
andernfalls,,,,,,
andeuten,,,,,,
anerkannt,,,,,,bei plus Dat / in plus Dat
anerkennen,,,erkannte an,hat,anerkannt,
anerkennend,,,,,,
Anfang,der,"""-e",,,,
Anforderung,die,-en,,,,
anfügen,,,,,,
anfühlen,,,,,,
Angebotserstellung,die,-en,,,,
angehen,,,ging an,ist,angegangen,
Angel,die,-n,,,,
angelehnt,,,,,,an plus Akk
angemessen,,,,,,
angesichts,,,,,,
angestellt,,,,,,
angewiesen sein,,auf plus Akk,,,,
Angewohnheit,die,-en,,,,
Angriff,der,-e,,,,
ängstigen,,,,,,
Angstreaktion,die,-en,,,,
anhören,,,,,,
ankaufen,,,,,,
anknüpfen,,,,,,an plus Akk
ankündigen,,,,,,
Ankunftsabend,der,-e,,,,
Anlage,die,-n,,,,
Anlass,der,"""-e",,,,
anlässlich,,,,,,
anlegen,,,,,,
anmelden,,,,,,
annehmen,,,nahm an,hat,angenommen,
annehmen,,,nahm an,hat,angenommen,
annehmen,,,nahm an,hat,angenommen,
Anonymität,die,Sg.,,,,
anormal,,,,,,
anpassen,,,,,,an plus Akk
Anprobe,die,-n,,,,
Anrufer/in,der/die,-/-nen,,,,
anschließen,,,,,,
Anschluss,der,"""-e",,,,
Anschreiben,das,-,,,,
Anschrift,die,-en,,,,
Ansehen,das,Sg.,,,,
ansiedeln,,,,,,in plus Dat
ansprechen,,,sprach an,hat,angesprochen,
anspruchsvoll,,,,,,
anstehen,,,stand an,hat,angestanden,
anstellen,,,,,,
Antike,die,Sg.,,,,
antreten,,,trat an,hat,angetreten,
App,die,-s,,,,
Arbeitsatmosphäre,die,-n,,,,
Arbeitsbedingungen,die,Pl.,,,,
Arbeitschance,die,-n,,,,
Arbeitserlaubnis,die,-se,,,,
arbeitsfrei,,,,,,
Arbeitsgebiet,das,-e,,,,
Arbeitsklima,das,Sg.,,,,
Arbeitslohn,der,"""-e",,,,
Arbeitslose,der/die,-n,,,,
Arbeitsmarkt,der,"""-e",,,,
Arbeitssituation,die,-en,,,,
Arbeitsumfeld,das,-er,,,,
Arbeitsvertag,der,"""-e",,,,
Arbeitsweise,die,-n,,,,
arg,,,,,,
Ärger,der,Sg.,,,,
ärgern,,,,,,über plus Akk
arrogant,,,,,,
Art,die,-en,,,,
Artgenosse/Artgenossin,der/die,-n/-nen,,,,
Ärztemangel,der,-,,,,
Arztpraxis,die,-praxen,,,,
Astronom/in,der/die,-en/-nen,,,,
Asylberechtigte,der/die,-n,,,,
Atmosphäre,die,-n,,,,
Atmung,die,Sg.,,,,
Atombombe,die,-n,,,,
Atomenergie,die,-n,,,,
Atomkraftwerk,das,-e,,,,
Atommeiler,der,-,,,,
attackieren,,,,,,
atypisch,,,,,,für plus Akk
Audioguide,der,-s,,,,
Aufbau,der,Sg.,,,,
aufbereiten,,,,,,
aufdrücken,,,,,,
aufeinander,,,,,,
auffällig,,,,,,in plus Dat
Auffassung,die,-en,,,,
auffordern,,,,,,zu plus Dat
Aufgabengebiet,das,-e,,,,
Aufgabenteilung,die,-en,,,,
aufgeben,,,gab auf,hat,aufgegeben,
aufgehen,,,ging auf,ist,aufgegangen,
aufgeregt,,,,,,
aufhalten,,,hielt auf,hat,aufgehalten,
aufheben,,,hob auf,hat,aufgehoben,
Aufklärung,die,Sg.,,,,
aufkommen,,,kam auf,ist,aufgekommen,
aufliegen,,,,,,auf plus Dat
auflisten,,,,,,
auflösen,,,,,,
aufregen,,,,,,über plus Akk
Aufregung,die,Sg.,,,,
aufreiben,,,,,,
aufreißen,,,riss auf,hat,aufgerissen,
Aufruf,der,-e,,,,
aufrufen,,,,,,zu plus Dat
aufschwingen,,,schwang auf,ist,aufgeschwungen,
Aufsehen,das,Sg.,,,,
aufsehenerregend,,,,,,
Auftakt,der,-e,,,,
auftanken,,,,,,
Aufteilung,die,-en,,,,
Auftreten,das,Sg.,,,,
aufwärmen,,,,,,
Aufzählung,die,-en,,,,
Ausarbeitung,die,-en,,,,
Ausbau,der,-ten,,,,
ausbauen,,,,,,
Ausbildungsangebot,das,-e,,,,
Ausbildungsmöglichkeit,die,-en,,,,
ausbremsen,,,,,,
Ausdauer,die,Sg.,,,,
auseinanderreißen,,,riss aus-einander,hat,auseinander-gerissen,
ausfallen,,,fiel aus,ist,ausgefallen,
ausfallen,,,fiel aus,ist,ausgefallen,
ausführen,,,,,,
ausfüllen,,,,,,
Ausgang,der,Sg.,,,,
Ausgang,der,"""-e",,,,
Ausgangspunkt,der,-e,,,,
ausgehen,,,,,,von plus Dat
ausgeliefert sein,,,,,,
ausgerechnet,,,,,,
ausgesprochen,,,,,,
ausgewechselt,,,,,,
ausgewogen,,,,,,
ausgezeichnet,,,,,,für plus Akk
Ausgrenzung,die,-en,,,,
aushalten,,,hielt aus,hat,ausgehalten,
auskommen,,,kam aus,ist,ausgekommen,
Auskunft,die,"""-e",,,,
Ausländerquote,die,-n,,,,
Auslandsaufenthalt,der,-e,,,,
Auslandserfahrung,die,-en,,,,
Auslandssemester,das,-,,,,
ausleihen,,,lieh aus,hat,ausgeliehen,
auslöschen,,,,,,
auslösen,,,,,,
ausmachen,,,,,,
ausmachen,,,,,,
ausmachen,,,,,,
ausmalen,,,,,,
ausprobieren,,,,,,
ausrauben,,,,,,
ausräumen,,,,,,
ausreichen,,,,,,
ausreichend,,,,,,
Ausreise,die,-n,,,,
Ausreisekontrolle,die,-n,,,,
ausreisen,,,,,,
ausrichten,,,,,,
aussagekräftig,,,,,,
ausschlafen,,,schlief aus,hat,ausgeschlafen,
Außenseiter/in,der/die,-/-nen,,,,
äußere,,,,,,
außergewöhnlich,,,,,,
äußerst,,,,,,
Aussicht,die,-en,,,,
Aussteller/in,der/die,-/-nen,,,,
aussterben,,,starb aus,ist,ausgestorben,
ausstrecken,,,,,,
Austausch,der,Sg.,,,,
austeilen,,,,,,
ausüben,,,,,,
ausverkauft,,,,,,
auswandern,,,,,,nach plus Dat
Ausweg,der,-e,,,,
Ausweis,der,-e,,,,
auswendig lernen,,,,,,
auswerten,,,,,,
Auswirkung,die,-en,,,,
auszahlen,,,,,,
auszeichnen,,,,,,
Auszeit,die,-en,,,,
Autofahrer/in,der/die,-/-nen,,,,
Automobilhersteller,der,-,,,,
Autor/in,der/die,-en/-nen,,,,
avancieren,,,,,,zu plus Dat
Bachelor,der,Sg.,,,,
Bachelorarbeit,die,-en,,,,
Badesee,der,-n,,,,
Bahn,die,-en,,,,
Bakterie,die,-n,,,,
Balance,die,-n,,,,
Bammel,der,Sg.,,,,
Bande,die,-n,,,,
bang,,,,,,
Bank,die,"""-e",,,,
Banklehre,die,-n,,,,
bankrott,,,,,,
Banktresor,der,-e,,,,
basieren,,,,,,auf plus Dat
Basis,die,Basen,,,,
Bauarbeiter/in,der/die,-/-nen,,,,
Bauch,der,"""-e",,,,
bauen,,,,,,
baumbeschattet,,,,,,
Baumwolle,die,Sg.,,,,
Bauwagen,der,-,,,,
Bauwerk,das,-e,,,,
Bauzeichner/in,der/die,-/-nen,,,,
Beachtung,die,-en,,,,
beantragen,,,,,,
Becher,der,-,,,,
Bedarf,,,,,,an plus Dat
bedecken,,,,,,
bedenken,,,bedachte,hat,bedacht,
bedeutend,,,,,,
Bedeutungsnuance,die,-n,,,,
Bedeutungsverlust,der,-e,,,,
bedroht,,,,,,
Bedürfnis,das,,,,,nach plus Dat
bedürftig,,,,,,nach plus Dat
Bedürftige,der/die,-n,,,,
beerdigen,,,,,,
befassen,,,,,,mit plus Dat
Befehl,der,-e,,,,
befehlen,,,befahl,hat,befohlen,
Befinden,das,Sg.,,,,
Befragte,der/die,-n,,,,
befürworten,,,,,,
Begabung,die,-en,,,,
begeben,,,,,,auf plus Akk
begegnen,,,,,,
begehrt,,,,,,bei plus Dat
Begleiter/in,der/die,-/-nen,,,,
begreifen,,,begriff,hat,begriffen,
begründen,,,,,,
Behandlungsmöglichkeit,die,-en,,,,
behaupten,,,,,,
beherrschen,,,,,,
Behinderung,die,-en,,,,
beibringen,,,brachte bei,hat,beigebracht,
Bein,das,-e,,,,
Beitrag,der,"""-e",,,,
beitragen,,,,,,zu plus Dat
beitreten,,,trat bei,ist,beigetreten,
Bekanntmachung,die,-en,,,,
Bekanntschaft,die,-en,,,,
Bekleidung,die,-en,,,,
beladen,,,belud,hat,beladen,
Belastung,die,-en,,,,
Beleg,der,-e,,,,
beleuchten,,,,,,
bemerkenswert,,,,,,
bemühen,,,,,,um plus Akk
benachrichtigen,,,,,,
benachteiligt,,,,,,gegenüber plus Dat
Benehmen,das,Sg.,,,,
benehmen,,,,,,
benennen,,,benannte,hat,benannt,
Benutzerkonto,das,-konten,,,,
Benzinmotor,der,-en,,,,
Bequemlichkeit,die,-en,,,,
Berater/in,der/die,-/-nen,,,,
Beratungsagentur,die,-en,,,,
bereiten,,,,,,
Bereitschaft,die,,,,,zu plus Dat
bereuen,,,,,,
berücksichtigen,,,,,,
Berufsanfänger/in,der/die,-/-nen,,,,
Berufsausbildung,die,-en,,,,
Berufsbereich,der,-e,,,,
Berufsentscheidung,die,-en,,,,
Berufserfahrung,die,-en,,,,
Berufsschule,die,-n,,,,
Berufswelt,die,Sg.,,,,
Berufswunsch,der,"""-e",,,,
beruhigend,,,,,,
berühren,,,,,,
besagen,,,,,,
Besatzungszone,die,-n,,,,
beschädigen,,,,,,
beschäftigen,,,,,,mit plus Dat
beschäftigen,,,,,,
beschäftigen,,,,,,
Beschäftigte,der/die,-n,,,,
Bescheid,der,-e,,,,
beschränken,,,,,,
beschriften,,,,,,
Beschwerdebrief,der,-e,,,,
beschweren,,,,,,
beseelt,,,,,,von plus Dat
besehen,,,,,,
besetzen,,,,,,
Besitzer/in,der/die,-/-nen,,,,
besorgt,,,,,,um plus Akk
Besprechung,die,-en,,,,
Besprechung,die,-en,,,,
Besprechungstermin,der,-e,,,,
Bestandteil,der,-e,,,,
bestechend,,,,,,
bestehen,,,bestand,hat,bestanden,
besteigen,,,bestieg,hat,bestiegen,
Bestellformular,das,-e,,,,
Bestellung,die,-en,,,,
Bestellvorgang,der,"""-e",,,,
bestimmen,,,,,,
bestmöglich,,,,,,
Bestseller-Liste,die,-n,,,,
Besucherzelle,die,-n,,,,
Beteiligung,die,-en,,,,an plus Dat
betonen,,,,,,
Betonung,die,-en,,,,
Betracht,,Sg.,,,,
Betrachter/in,der/die,-/-nen,,,,
betreffen,,,betraf,hat,betroffen,
Betreffzeile,die,-n,,,,
betreiben,,,betrieb,hat,betrieben,
Betreiber/in,der/die,-/-nen,,,,
betreten,,,betrat,hat,betreten,
betreuen,,,,,,
Betreuung,die,-en,,,,
Betriebswirtschaft,die,-en,,,,
betroffen,,,,,,
Betroffene,der/die,-n,,,,
Bettflüchter,der,-,,,,
Bettzeug,das,-e,,,,
Bevölkerungswachstum,das,Sg.,,,,
bewachen,,,,,,
Bewachung,die,-en,,,,
bewältigen,,,,,,
Bewegungsstörung,die,-en,,,,
Bewerber/in,der/die,-/-nen,,,,
Bewerbungsbrief,der,-e,,,,
Bewerbungsschreiben,das,-,,,,
Bewerbungstrainer/in,der/die,-/-nen,,,,
Bewertung,die,-en,,,,
bewirken,,,,,,
Bewunderer/Bewunderin,der/die,-/-nen,,,,
bewusst,,,,,,
bewusst,,,,,,
bewusst,,,,,,
Bezug,der,"""-e",,,,
Bibliothekar/in,der/die,-e/-nen,,,,
Bildungsabschluss,der,"""-e",,,,
Bildungschance,die,-n,,,,
Bildungserfolg,der,-e,,,,
Bildungserwartung,die,-en,,,,
bilingual,,,,,,
Billiglohnland,das,"""-er",,,,
Biobaumwolltasche,die,-,,,,
bisherig,,,,,,
blamieren,,,,,,vor plus Dat
Blaumann,der,"""-er",,,,
Blei,das,-e,,,,
bleiben,,,blieb,ist,geblieben,
blitzen,,,,,,
Blog,der,-s,,,,
Blogger/in,der/die,-/-nen,,,,
Blutdruck,der,Sg.,,,,
Bluthochdruck,der,Sg.,,,,
Blutwert,der,-e,,,,
Blutzucker,der,Sg.,,,,
Blutzuckerspiegel,der,-,,,,
Bombe,die,-n,,,,
Branche,die,-n,,,,
Branchenverband,der,"""-e",,,,
breit,,,,,,
brillieren,,,,,,mit plus Dat
bringen,,,brachte,hat,gebracht,
bringen,,,brachte,hat,gebracht,
Browser,der,-,,,,
Brustkorb,der,"""-e",,,,
Buchbesprechung,die,-en,,,,
Buchdruck,der,-e,,,,
Buchseite,die,-n,,,,
Budget,das,-s,,,,
budgetverantwortlich,,,,,,
bündeln,,,,,,
Bundeskanzler/in,der/die,-/-nen,,,,
Bundesminister/in,der/die,-/-nen,,,,
Bundespolizei,die,Sg.,,,,
Bundestag,der,Sg.,,,,
Bundestagsfraktion,die,-en,,,,
Bundestagswahl,die,-en,,,,
Bundesverband,der,"""-e",,,,
bundesweit,,,,,,
Burgdame,die,-n,,,,
bürgerlich,,,,,,
Bürokauffrau,die,-en,,,,
Business-Outfit,das,-s,,,,
Camp,das,-s,,,,
Cartoon,der,-s,,,,
Catering,das,-s,,,,
Cello,das,Celli,,,,
Chancengleichheit,die,Sg.,,,,
Charakter,der,Sg.,,,,
Charakter,der,-e,,,,
charakteristisch,,,,,,
checken,,,,,,
Checkliste,die,-n,,,,
Chip,der,-s,,,,
Chronik,die,-en,,,,
chronisch,,,,,,
Coach,der,-s,,,,
Comic,der,-s,,,,
Computerspielsucht,die,Sg.,,,,
Dach,das,"""-er",,,,
daherkommen,,,kam daher,ist,dahergekommen,
Damm,der,"""-e",,,,
daraufhin,,,,,,
darüber hinaus,,,,,,
Date,das,-n,,,,
Datenschutz,der,Sg.,,,,
Datensicherheit,die,Sg.,,,,
Datumsangabe,die,-n,,,,
Dauer,die,Sg.,,,,
dauerhaft,,,,,,
Daumen,der,-,,,,
Defekt,der,-e,,,,
definieren,,,,,,
Defizit,das,-e,,,,
dekorieren,,,,,,
Demenz,die,-en,,,,
demotivieren,,,,,,
Denkpause,die,-n,,,,
Denksportaufgabe,die,-n,,,,
depressiv,,,,,,
deprimierend,,,,,,
dermaßen,,,,,,
derzeit,,,,,,
Design,das,-s,,,,
Desinteresse,das,Sg.,,,,
destruktiv,,,,,,
Detektiv/in,der/die,-e/-nen,,,,
deuten,,,,,,
Diagnose,die,-n,,,,
diagnostizieren,,,,,,
Diagramm,das,-e,,,,
Dialekt,der,-e,,,,
Diamant,der,-en,,,,
Dichter/in,der/die,-/-nen,,,,
Diebstahl,der,"""-e",,,,
Dienstleistung,die,-en,,,,
Digitalisierung,die,Sg.,,,,
Dilemma,das,-s,,,,
Diplom,das,-e,,,,
Diskriminierung,die,-en,,,,
Diskussionsbedarf,der,-e,,,,
disqualifizieren,,,,,,
distanzieren,,,,,,
Disziplin,die,-en,,,,
Dokument,das,-e,,,,
donnern,,,,,,
doof,,,,,,
Doppelklick,der,-s,,,,
dösen,,,,,,
dramatisch,,,,,,
dran,,,,,,
drauf,,,,,,
draufhauen,,,,,,
drauflos,,,,,,
dreckig,,,,,,
Drehbuchautor/in,der/die,-en/-nen,,,,
Drehbuchpreis,der,-e,,,,
drehen,,,,,,
Dringlichkeit,die,-en,,,,
Druck,der,Sg.,,,,
Druck,der,Sg.,,,,
Druck,der,"""-e",,,,
Drucktafel,die,-n,,,,
durcharbeiten,,,,,,
durchaus,,,,,,
Durchbruch,der,"""-e",,,,
durchführbar,,,,,,
Durchführung,die,-en,,,,
durchhalten,,,hielt durch,hat,durchgehalten,
Durchmesser,der,-,,,,
Durchschnitt,der,Sg.,,,,
durchsetzen,,,,,,
durchsichtig,,,,,,
Durchwahl,die,-en,,,,
Dürreperiode,die,-n,,,,
EDV,die,Sg.,,,,
EDV-Kenntnisse,die,Sg.,,,,
Effekt,der,-e,,,,
E-Gitarre,die,-n,,,,
Ehrentag,der,-e,,,,
Eidechse,die,-n,,,,
Eifer,der,Sg.,,,,
Eifersucht,die,"""-e",,,,
eifersüchtig,,,,,,
Eigeninitiative,die,Sg.,,,,
eigensinnig,,,,,,
eigenständig,,,,,,
eilig,,,,,,
einatmen,,,,,,
einbringen,,,brachte ein,hat,eingebracht,
Einbruch,der,"""-e",,,,
eindeutig,,,,,,
Eindruck,der,"""-e",,,,
Einfluss,der,"""-e",,,,
einfrieren,,,fror ein,hat,eingefroren,
Einfuhr,die,-en,,,,
einführen,,,,,,
Eingangstür,die,-en,,,,
eingeben,,,gab ein,hat,eingegeben,
eingehen,,,,,,
eingehen,,,ging ein,ist,eingegangen,
eingerechnet,,,,,,
eingestehen,,,,,,
eingrenzen,,,,,,
einheitlich,,,,,,
einholen,,,,,,
einig,,,,,,
einlassen,,,,,,
einleben,,,,,,
einlenken,,,,,,
einleuchtend,,,,,,
Einnahme,die,Sg.,,,,
einpflanzen,,,,,,
einplanen,,,,,,
einprägen,,,,,,
einräumen,,,,,,
Einreise,die,Sg.,,,,
einrichten,,,,,,
Einrichtung,die,-en,,,,
Einsatz,der,"""-e",,,,
Einsatzmöglichkeit,die,-en,,,,
Einschränkung,die,-en,,,,
einsehen,,,sah ein,hat,einge-sehen,
einsprachig,,,,,,
einstecken,,,,,,
einstellen,,,,,,
einstellen,,,,,,
einstellen,,,,,,
einstürzen,,,,,,
eintauchen,,,,,,
einteilen,,,,,,
Eintragung,die,-en,,,,
eintreten,,,trat ein,ist,eingetreten,
einverstanden sein,,,,,,
Einwanderer/Einwanderin,der/die,-/-nen,,,,
einwandfrei,,,,,,
einwerfen,,,warf ein,hat,eingeworfen,
Einzelfall,der,"""-e",,,,
Elektrizität,die,Sg.,,,,
Elite,die,-n,,,,
Emotion,die,-en,,,,
Empathie,die,-n,,,,
empfinden,,,empfand,hat,empfunden,
Empfindung,die,-en,,,,
Empörung,die,Sg.,,,,
endgültig,,,,,,
Endorphin,das,-e,,,,
energiesparend,,,,,,
enorm,,,,,,
Entdecker/in,der/die,-/-nen,,,,
entfalten,,,,,,
Entfernung,die,-en,,,,
entfliehen,,,entfloh,ist,entflohen,
entführen,,,,,,
entgegenbringen,,,brachte entgegen,hat,entgegengebracht,
entgegensehen,,,sah entgegen,hat,entgegengesehen,
entlassen,,,entließ,hat,entlassen,
entlaufen,,,entlief,ist,entlaufen,
entscheidend,,,,,,
Entscheidung,die,-en,,,,
Entscheidung,die,-en,,,,
entspannt,,,,,,
entsprechend,,,,,,
entstammen,,,,,,
entstehen,,,entstand,ist,entstanden,
Entstehung,die,-en,,,,
entwickeln,,,,,,
Entwicklungsperspektive,die,-n,,,,
Epidemie,die,-n,,,,
erachten,,,,,,
Erachten,das,Sg.,,,,
erben,,,,,,
ereignen,,,,,,
Erfahrung,die,-en,,,,
Erfahrung,die,-en,,,,
Erfahrung,die,-en,,,,
erfassen,,,,,,
Erfinder/in,der/die,-/-nen,,,,
Erfindungsreichtum,der,Sg.,,,,
erfolgen,,,,,,
erfolglos,,,,,,
erfüllen,,,,,,
ergeben,,,,,,
ergehen,,,erging,ist,ergangen,
ergreifen,,,ergriff,hat,ergriffen,
erhalten,,,erhielt,hat,erhalten,
erhalten,,,erhielt,hat,erhalten,
erhoffen,,,,,,
erhöhen,,,,,,
erkennbar,,,,,,
Erkenntnis,die,-se,,,,
Erledigung,die,-en,,,,
ermöglichen,,,,,,
Ermunterung,die,-en,,,,
ernennen,,,,,,
erneut,,,,,,
ernst meinen,,,,,,
Ernte,die,-n,,,,
eröffnen,,,,,,
erpressen,,,,,,
Erpressung,die,-en,,,,
erregen,,,,,,
erreichbar,,,,,,
errichten,,,,,,
Ersatz,der,Sg.,,,,
erschreckend,,,,,,
ersetzen,,,,,,
erstarren,,,,,,
erstatten,,,,,,
erstaunlich,,,,,,
erstrebenswert,,,,,,
ertragen,,,ertrug,hat,ertragen,
erträglich,,,,,,
erwähnen,,,,,,
Erwartung,die,-en,,,,
erwecken,,,,,,
erweitern,,,,,,
erwerben,,,erwarb,hat,erworben,
Erwerbsarbeit,die,-en,,,,
Erwerbstätigkeit,die,-en,,,,
erwischen,,,,,,
erzeugen,,,,,,
Erzeugung,die,Sg.,,,,
Erziehungsfragen,die,,,,,
erzwingen,,,erzwang,hat,erzwungen,
Essayist/in,der/die,-en/-nen,,,,
Event,das,-s,,,,
Eventmanagement,das,Sg.,,,,
Eventmanager/in,der/die,-/-nen,,,,
Eventmarketing,das,Sg.,,,,
Evolution,die,Sg.,,,,
Examen,das,-,,,,
existieren,,,,,,
Expedition,die,-en,,,,
Experiment,das,-e,,,,
experimentieren,,,,,,
expressionistisch,,,,,,
fachlich,,,,,,
Fachwelt,die,Sg.,,,,
Fairness,die,Sg.,,,,
Fakt,der,-en,,,,
fallen,,,fiel,ist,gefallen,
fallen,,,fiel,ist,gefallen,
fällen,,,,,,
fälschlicherweise,,,,,,
Familienbesuch,der,-e,,,,
Familiengründung,die,Sg.,,,,
Fantasiewelt,die,-en,,,,
farbenfroh,,,,,,
fassen,,,,,,
Faszination,die,Sg.,,,,
Faulenzertum,das,Sg.,,,,
Faust,die,"""-e",,,,
Faustregel,die,-n,,,,
Fazit,das,-s,,,,
Feedback,das,-s,,,,
fehlen,,,,,,
Fehlentscheidung,die,-en,,,,
fehlerlos,,,,,,
fein,,,,,,
Feind/in,der/die,-e/-nen,,,,
Feldtheorie,die,-n,,,,
fernliegen,,,lag fern,hat,ferngelegen,
Fernweh,das,Sg.,,,,
Fertigstellung,die,Sg.,,,,
festhalten,,,hielt fest,hat,festgehalten,
festlegen,,,,,,
Festspiel,das,-e,,,,
feststellen,,,,,,
Feststellung,die,-en,,,,
Feuerholz,das,Sg.,,,,
Feuerwerk,das,-e,,,,
Feuilleton,der,-s,,,,
Feuilletonist/in,der/die,-en/-nen,,,,
Fieberthermometer,das,-,,,,
Filmregisseur/in,der/die,-e/-nen,,,,
filmreif,,,,,,
final,,,,,,
Finanzkrise,die,-n,,,,
Fingerspitzengefühl,das,Sg.,,,,
Firewall,die,-s,,,,
Firmenkultur,die,Sg.,,,,
Fischer/in,der/die,-/-nen,,,,
flechten,,,flocht,hat,geflochten,
fluchen,,,,,,
Flucht,die,-en,,,,
Flüchtling,der,-e,,,,
Flügel,der,-,,,,
Flügel,der,-,,,,
Flyer,der,-,,,,
folglich,,,,,,
Fördermaßnahme,die,-n,,,,
Forelle,die,-n,,,,
Forscher/in,der/die,-/-nen,,,,
Forschungseinrichtung,die,-en,,,,
Forschungsteam,das,-s,,,,
Forumsbeitrag,der,"""-e",,,,
fraglich,,,,,,
Frauensache,die,Sg.,,,,
Frauenzeitschrift,die,-en,,,,
freihalten,,,hielt frei,hat,freigehalten,
Freizeitkleidung,die,Sg.,,,,
Freundlichkeit,die,-en,,,,
freundschaftlich,,,,,,
Friedhof,der,"""-e",,,,
friedlich,,,,,,
Frühbucherrabatt,der,-e,,,,
frustriert,,,,,,
führen,,,,,,
führen,,,,,,
Führung,die,-en,,,,
Führungszeugnis,das,-se,,,,
füllig,,,,,,
fürsorglich,,,,,,
fusionieren,,,,,,
Galerist/in,der/die,-en/-nen,,,,
Gangsterkino,das,Sg.,,,,
Gänsehaut,die,Sg.,,,,
Garn,das,-e,,,,
Gealterte,der/die,-n,,,,
Gebärdensprache,die,Sg.,,,,
geben,,,gab,hat,gegeben,
geben,,,gab,hat,gegeben,
geben,,,gab,hat,gegeben,
geben,,,gab,hat,gegeben,
geben,,,gab,hat,gegeben,
Gebildete,der/die,-n,,,,
Gebirge,das,-,,,,
gebraucht,,,,,,
Gebühr,die,-en,,,,
gebürtig,,,,,,
gedacht,,,,,,
Gedächtnis,das,-se,,,,
Gedächtnisinhalt,der,-e,,,,
Gedankenschritt,der,-e,,,,
geduldig,,,,,,
Gefahr,die,-en,,,,
gefährdet,,,,,,
gefragt sein,,,,,,
gegenständlich,,,,,,
Gegenüber,das,-,,,,
Gegner/in,der/die,-/-nen,,,,
gehen,,,ging,ist,gegangen,
gehen,,,ging,ist,gegangen,
Gehilfe/Gehilfin,der/die,-n/-nen,,,,
Gehirn,das,-e,,,,
Gehirnaktivität,die,-en,,,,
Gehirnregion,die,-en,,,,
gehoben,,,,,,
Gehweg,der,-e,,,,
Geist,der,-er,,,,
geistig,,,,,,
Gelände,das,-,,,,
Geldbörse,die,-n,,,,
gelegentlich,,,,,,
Gelenkschmerzen,die,,,,,
gelungen,,,,,,
Gemälde,das,-,,,,
Gemälderaub,der,-e,,,,
gemein,,,,,,
Gemeinschaft,die,-en,,,,
Gemüsebeet,das,-e,,,,
Gemüsegeschäft,das,-e,,,,
Genauigkeit,die,Sg.,,,,
Genehmigung,die,-en,,,,
Generation,die,-en,,,,
Generationenwohnprojekt,das,-e,,,,
Genie,das,-s,,,,
genügend,,,,,,
Genuss,der,"""-e",,,,
Gepäckermittler/in,der/die,-/-nen,,,,
gepflegt,,,,,,
geprägt,,,,,,
geraten,,,geriet,ist,geraten,
Gerechtigkeitssinn,der,Sg.,,,,
Gericht,das,-e,,,,
Geringverdiener/in,der/die,-/-nen,,,,
Geruch,der,"""-e",,,,
Geruchssinn,der,Sg.,,,,
gesamt,,,,,,
Gesamtwiederholung,die,-en,,,,
Geschäftsbedingungen,die,,,,,
Geschäftsbeziehung,die,-en,,,,
Geschäftsführer/in,der/die,-/-nen,,,,
Geschäftsleitung,die,-en,,,,
Geschäftsmodell,das,-e,,,,
Geschäftsverhandlung,die,-en,,,,
Geschick,das,-e,,,,
geschützt,,,,,,
Gesellschaftskritik,die,Sg.,,,,
Gesetzesreform,die,-en,,,,
gesetzlich,,,,,,
gestalten,,,,,,
Geste,die,-n,,,,
gestehen,,,gestand,hat,gestanden,
gestresst,,,,,,
gesundheitlich,,,,,,
gesundheitsfördernd,,,,,,
Gesundheitsgerät,das,-e,,,,
geteilt,,,,,,
Getreide,das,-,,,,
Gewalt,die,-en,,,,
Gewaltübergriff,der,-e,,,,
Gewerkschaft,die,-en,,,,
Gewinner/in,der/die,-/-nen,,,,
Gewissen,das,Sg.,,,,
gewittern,,,,,,
Gewohnheit,die,-en,,,,
gewohnt sein,,,,,,
gezeichnet sein,,,,,,
Gießkanne,die,-n,,,,
Giraffe,die,-n,,,,
Gitter,das,-,,,,
glänzen,,,,,,
Glaseinsatz,der,"""-e",,,,
Glaserlehre,die,-n,,,,
Glashaus,das,"""-er",,,,
glaubhaft,,,,,,
gläubig,,,,,,
glaubwürdig,,,,,,
gleichberechtigt,,,,,,
gleichermaßen,,,,,,
gliedern,,,,,,
global,,,,,,
Goldbarren,der,-,,,,
golden,,,,,,
gönnen,,,,,,
Grab,das,"""-er",,,,
Graffiti,das,-s,,,,
Grafiker/in,der/die,-/-nen,,,,
grafisch,,,,,,
Gravitation,die,Sg.,,,,
greifen,,,griff,hat,gegriffen,
Grenze,die,-n,,,,
Grenze,die,-n,,,,
Grenzgebiet,das,-e,,,,
Grenzkontrolle,die,-n,,,,
Grenzöffnung,die,Sg.,,,,
Grenzsoldat/in,der/die,-en/-nen,,,,
Griff,der,-e,,,,
Grillmeister/in,der/die,-/-nen,,,,
Groll,der,-e,,,,
großformatig,,,,,,
Großraumbüro,das,-s,,,,
großteils,,,,,,
grübeln,,,,,,
Gründer/in,der/die,-/-nen,,,,
Grundlage,die,-n,,,,
gründlich,,,,,,
grundsätzlich,,,,,,
Gründung,die,-en,,,,
Grundvoraussetzung,die,-en,,,,
Grundwasser,das,Sg.,,,,
Gunst,die,"""-e",,,,
gütig,,,,,,
Gymnastik,die,Sg.,,,,
haben,,,hatte,hat,gehabt,
hageln,,,,,,
Hai,der,-e,,,,
halten,,,hielt,hat,gehalten,
Haltung,die,-en,,,,
Handbewegung,die,-en,,,,
Handelsbeziehung,die,-en,,,,
Handelsschule,die,-n,,,,
Handelsunternehmen,das,-,,,,
Handfläche,die,-n,,,,
Handwerk,das,Sg.,,,,
handwerklich,,,,,,
Handyvertrag,der,"""-e",,,,
hängen,,,hing,hat,gehangen,
hängen,,,hing,hat,gehangen,
Härte,die,Sg.,,,,
Hauptattraktion,die,-en,,,,
hauptberuflich,,,,,,
Hauptfigur,die,-en,,,,
Haupthandlung,die,Sg.,,,,
Hauptrolle,die,-n,,,,
hauptsächlich,,,,,,
Hauptthema,das,-themen,,,,
Hauptwerk,das,-e,,,,
Hausarzt,der,"""-e",,,,
Hausrat,der,Sg.,,,,
Hausverbot,das,-e,,,,
Hausverwaltung,die,-en,,,,
Hautcreme,die,-s,,,,
heben,,,hob,hat,gehoben,
heimisch,,,,,,
heiter,,,,,,
hektisch,,,,,,
Helfer/in,der/die,-/-nen,,,,
hemmen,,,,,,
heranführen,,,,,,
Herausforderung,die,-en,,,,
herstellen,,,,,,
herumschlagen,,,,,,
hervorragend,,,,,,
Herz,das,-en,,,,
Herzenswunsch,der,"""-e",,,,
Herzfrequenz,die,-en,,,,
Herzinfarkt,der,-e,,,,
Herzproblem,das,-e,,,,
Hieroglyphe,die,-n,,,,
hierzulande,,,,,,
Highlight,das,-s,,,,
hilfreich,,,,,,
Hilfsbereitschaft,die,Sg.,,,,
Hilfsorganisation,die,-en,,,,
Himmel,der,-,,,,
Himmel,der,-,,,,
hinaustragen,,,trug hinaus,hat,hinausgetragen,
hinauszögern,,,,,,
hinhören,,,,,,
hinnehmen,,,nahm hin,hat,hingenommen,
hinsehen,,,sah hin,hat,hingesehen,
hinterherhinken,,,,,,
Hinterhof,der,"""-e",,,,
hinterlassen,,,hinterließ,hat,hinterlassen,
Hinweis,der,-e,,,,
Hirn,das,-e,,,,
Hirnschaden,der,"""-",,,,
hitzig,,,,,,
Hoch,das,-s,,,,
Hochschulreife,die,Sg.,,,,
Hochtechnologie,die,-n,,,,
hofieren,,,,,,
Höflichkeit,die,-en,,,,
Hofzeremoniell,das,-e,,,,
Höhepunkt,der,-e,,,,
holen,,,,,,
Holzplatte,die,-n,,,,
Holztür,die,-en,,,,
Hommage,die,,,,,
Honorarprofessur,die,-en,,,,
Horizont,der,-e,,,,
Hörspiel,das,-e,,,,
Hosentasche,die,-n,,,,
Hundehütte,die,-n,,,,
Ich-Botschaft,die,-en,,,,
Ich-Erzähler/in,der/die,-/-nen,,,,
Identität,die,-en,,,,
Idiot/in,der/die,-en/-nen,,,,
ignorieren,,,,,,
immerwährend,,,,,,
Immobilie,die,-n,,,,
Immunsystem,das,-e,,,,
importieren,,,,,,
imposant,,,,,,
Inbegriff,der,-e,,,,
Indie-Pop,der,Sg.,,,,
infolge,,,,,,
Informant/in,der/die,-en/-nen,,,,
Informatik,die,Sg.,,,,
Informatiker/in,der/die,-/-nen,,,,
Informationsbeschaffung,die,Sg.,,,,
Informationsmaterial,das,-ien,,,,
informativ,,,,,,
infrage kommen,,,kam infrage,ist,infrage gekommen,
Infrastruktur,die,-en,,,,
Ingenieurwissenschaft,die,-en,,,,
inhaltlich,,,,,,
inhaltsleer,,,,,,
Inhaltspunkt,der,-e,,,,
Initiative,die,-n,,,,
initiieren,,,,,,
inmitten,,,,,,
Innenarchitektur,die,-en,,,,
Innovation,die,-en,,,,
insbesondere,,,,,,
Inspiration,die,-en,,,,
instinktiv,,,,,,
intakt,,,,,,
intellektuell,,,,,,
Intellektuelle,der/die,-n,,,,
interagieren,,,,,,
Interneteinkauf,der,"""-e",,,,
Internetmanagement,das,Sg.,,,,
Internetportal,das,-e,,,,
Internetredaktion,die,-en,,,,
intolerant,,,,,,
investieren,,,,,,
Investition,die,-en,,,,
irreal,,,,,,
irren,,,,,,
Isolation,die,-en,,,,
IT-Bereich,der,-,,,,
jedoch,,,,,,
jeglich,,,,,,
jetzig,,,,,,
jeweilig,,,,,,
Jobwechsel,der,-,,,,
Jugendbereich,der,-e,,,,
Jugendzeit,die,-en,,,,
Jura,,,,,,
Jurist/in,der/die,-en/-nen,,,,
Juryvorsitz,der,Sg.,,,,
Juweliergeschäft,das,-e,,,,
Kabarett,das,-s,,,,
Kabarettist/in,der/die,-en/-nen,,,,
Kader,der,-,,,,
Kaffeehaus,das,"""-er",,,,
Käfig,der,-e,,,,
kahl,,,,,,
Kaiser/in,der/die,-/-nen,,,,
kaiserlich,,,,,,
Kakerlake,die,-n,,,,
Kalkulation,die,-en,,,,
Kalorie,die,-n,,,,
Kamm,der,"""-e",,,,
Kampagne,die,-n,,,,
Kämpfer/in,der/die,-/-nen,,,,
Kampfkunst,die,"""-e",,,,
Kampfsport,der,Sg.,,,,
Kandidat/in,der/die,-en/-nen,,,,
Kanzler/in,der/die,-/-nen,,,,
Kanzlerkandidat/in,der/die,-en/-nen,,,,
Karriereplanung,die,-en,,,,
Kartoffelsuppe,die,-n,,,,
Kartrennen,das,-,,,,
katapultieren,,,,,,
katholisch,,,,,,
Kaufvertrag,der,"""-e",,,,
Kaution,die,-en,,,,
Keilschrift,die,-en,,,,
Keks,der,-e,,,,
Kenntnis,die,-se,,,,
kennzeichnen,,,,,,
kentern,,,,,,
Kfz-Betrieb,der,-e,,,,
Kickboxen,das,Sg.,,,,
Kids,die,,,,,
Kiefer,der,-,,,,
Kiez,der,-e,,,,
Kindererziehung,die,Sg.,,,,
kinderfeindlich,,,,,,
Kindergartenalter,das,Sg.,,,,
Kindergartenpflicht,die,Sg.,,,,
kinderleicht,,,,,,
kinderreich,,,,,,
Kinderwunsch,der,"""-e",,,,
Kinderzahl,die,-en,,,,
Kindesbein,das,-e,,,,
Kinofilm,der,-e,,,,
Kinokasse,die,-n,,,,
klagen,,,,,,
Klammer,die,-n,,,,
Klang,der,"""-e",,,,
klären,,,,,,
klarmachen,,,,,,
Klassenbeste,der/die,-n,,,,
klatschen,,,,,,
klauen,,,,,,
Klavierbauer/in,der/die,-/-nen,,,,
Kleiderausgabe,die,-n,,,,
Kleiderklappe,die,-n,,,,
Kleiderladen,der,"""-",,,,
Kleiderschrank,der,"""-e",,,,
Kleidungsstück,das,-e,,,,
Kleinkind,das,-er,,,,
Kleinkriminellenstudie,die,-n,,,,
Klick,der,-s,,,,
Klimazone,die,-n,,,,
Klischee,das,-s,,,,
klischeehaft,,,,,,
Knecht,der,-e,,,,
Kneipenbesitzer/in,der/die,-/-nen,,,,
knirschen,,,,,,
Knospe,die,-n,,,,
Know-how,das,-s,,,,
knüpfen,,,,,,
knurren,,,,,,
Koalition,die,-en,,,,
komfortabel,,,,,,
Komma,das,-s,,,,
kommen,,,kam,ist,gekommen,
kommen,,,kam,ist,gekommen,
kommen,,,kam,ist,gekommen,
kommen,,,kam,ist,gekommen,
kommen,,,kam,ist,gekommen,
kommen,,,kam,ist,gekommen,
kommentieren,,,,,,
kommerziell,,,,,,
Kommilitone/Kommilitonin,der/die,-n/-nen,,,,
Kommissar/in,der/die,-e/-nen,,,,
Kommunikationsfähigkeit,die,-en,,,,
Kommunikationsmittel,das,-,,,,
Kommunikationsmöglichkeit,die,-en,,,,
Kommunikationsstärke,die,-n,,,,
kommunizieren,,,,,,
Kompetenz,die,-en,,,,
komplex,,,,,,
Kompliment,das,-e,,,,
Komplize/Komplizin,der/die,-n/-nen,,,,
Komponist/in,der/die,-en/-nen,,,,
Konferenz,die,-en,,,,
konfiszieren,,,,,,
Konfliktlösung,die,-en,,,,
Konfliktpotential,das,-e,,,,
konfrontieren,,,,,,
Kongress,der,-e,,,,
Kongresskarte,die,-n,,,,
konkret,,,,,,
Konkurrenz,die,Sg.,,,,
konkurrenzfähig,,,,,,
Konsens,der,Sg.,,,,
konstant,,,,,,
konstruktiv,,,,,,
Konsument/in,der/die,-en/-nen,,,,
Kontakt,der,-e,,,,
Kontaktlinse,die,-n,,,,
Kontext,der,-e,,,,
kontinuierlich,,,,,,
Kontodaten,die,,,,,
Kontrollsystem,das,-e,,,,
Konzentration,die,Sg.,,,,
Konzentrationsleistung,die,-en,,,,
konzentriert,,,,,,
Konzept,das,-e,,,,
Konzept,das,-e,,,,
Konzeption,die,-en,,,,
Konzertpianist,der/die,-en/-nen,,,,
konzipieren,,,,,,
kooperativ,,,,,,
Koordination,die,Sg.,,,,
Körperdaten,die,,,,,
Körpergröße,die,-n,,,,
Körpersignal,das,-e,,,,
Körpersprache,die,Sg.,,,,
Körpertemperatur,die,-en,,,,
Korrektur,die,-en,,,,
Korruption,die,Sg.,,,,
kostengünstig,,,,,,
Kraftstoff,der,-e,,,,
Kraftwerk,das,-e,,,,
Krankenakte,die,-n,,,,
Krankenhausaufenthalt,der,-e,,,,
Krankenkasse,die,-n,,,,
Kreditkarte,die,-n,,,,
Kreditkartenbetrug,der,Sg.,,,,
kreieren,,,,,,
Krieger/in,der/die,-/-nen,,,,
kriminell,,,,,,
Kriterium,das,Kriterien,,,,
Kritik,die,-en,,,,
kritikfähig,,,,,,
Kritikfähigkeit,die,-en,,,,
Kritisierte,der/die,-n,,,,
Kühlfahrzeug,das,-e,,,,
Kühlraum,der,"""-e",,,,
Kühlsystem,das,-e,,,,
Kulturdenkmal,das,"""-er",,,,
Kulturwandel,der,-,,,,
Kundengespräch,das,-e,,,,
Kundenkontakt,der,-e,,,,
Kundenkonto,das,-konten,,,,
Kunstform,die,-en,,,,
Kunstikone,die,-n,,,,
Kunstraub,der,-e,,,,
Kunstturnen,das,Sg.,,,,
Kunstturner/in,der/die,-/-nen,,,,
Kunstwerk,das,-e,,,,
kurios,,,,,,
kursiv,,,,,,
kurzfristig,,,,,,
Kurzvortrag,der,"""-e",,,,
Label,das,-s,,,,
Laborkittel,der,-,,,,
Lächeln,das,-,,,,
Lage,die,-n,,,,
Lager,das,-,,,,
Lagerhaltung,die,-en,,,,
Landesgesetz,das,-e,,,,
Landessprache,die,-n,,,,
Längeneinheit,die,-en,,,,
längerfristig,,,,,,
Langeweile,die,Sg.,,,,
langfristig,,,,,,
Langlauf,der,Sg.,,,,
langlebig,,,,,,
Langspielfilm,der,-e,,,,
langwierig,,,,,,
Langzeitarbeitslose,der/die,-n,,,,
Last,die,-en,,,,
lästig,,,,,,
Lauf,der,"""-e",,,,
Laufbahn,die,-en,,,,
laufen,,,lief,ist,gelaufen,
Laus,die,"""-e",,,,
Laute,die,-n,,,,
Lautstärke,die,-n,,,,
Leben,das,-,,,,
Leben,das,-,,,,
lebendig,,,,,,
Lebensbedingung,die,-en,,,,
Lebensentwurf,der,"""-e",,,,
Lebenserwartung,die,-en,,,,
Lebensglück,das,Sg.,,,,
Lebensjahr,das,-e,,,,
Lebenskunst,die,"""-e",,,,
Lebenslage,die,-n,,,,
Lebensraum,der,"""-e",,,,
Lebensverlauf,der,"""-e",,,,
Lebensweg,der,-e,,,,
leeren,,,,,,
Lehrkraft,die,"""-e",,,,
leichtfallen,,,fiel leicht,ist,leichtgefallen,
Leinwand,die,"""-e",,,,
Leistungsbereitschaft,die,Sg.,,,,
Leistungsfähigkeit,die,Sg.,,,,
Leiter/in,der/die,-/-nen,,,,
Lektüre,die,-n,,,,
lenken,,,,,,
Lerneffekt,der,-e,,,,
Lernerfolg,der,-e,,,,
Lerninhalt,der,-e,,,,
Lernmaterial,das,-ien,,,,
Lernphase,die,-n,,,,
Lernstoff,der,-e,,,,
lesefreundlich,,,,,,
Leserbrief,der,-e,,,,
Lesetext,der,-e,,,,
leuchten,,,,,,
lexikalisch,,,,,,
Lexikonartikel,der,-,,,,
Liberalität,die,Sg.,,,,
Lichtsensor,der,-en,,,,
liebevoll,,,,,,
Liebling,der,-e,,,,
Lieferzeit,die,-en,,,,
liegen,,,lag,hat,gelegen,
Liegestütz,der,-e,,,,
Lifestyle,der,-s,,,,
limitiert,,,,,,
lindern,,,,,,
Linie,die,-n,,,,
Lippe,die,-n,,,,
Liste,die,-n,,,,
Lob,das,Sg.,,,,
locken,,,,,,
logisch,,,,,,
Lokführer/in,der/die,-/-nen,,,,
Lösegeld,das,-er,,,,
lösen,,,,,,
Lügengeschichte,die,-n,,,,
lukrativ,,,,,,
Lungenkrankheit,die,-en,,,,
Lyrik,die,Sg.,,,,
machen,,,,,,
machen,,,,,,
Macht,die,-en,,,,
machtlos,,,,,,
Machtwechsel,der,-,,,,
Macke,die,-n,,,,
Magd,die,"""-e",,,,
Magen,der,"""-",,,,
mahlen,,,,,,
Malerei,die,-en,,,,
Management,das,-s,,,,
Manager/in,der/die,-/-nen,,,,
Mandant/in,der/die,-en/-nen,,,,
mangelnd,,,,,,
manikürt,,,,,,
manipulieren,,,,,,
Manufaktur,die,-en,,,,
Markenunternehmen,das,-,,,,
Markt,der,"""-e",,,,
Markt,der,"""-e",,,,
Marktforschungsfirma,die,-firmen,,,,
Maskenbildner/in,der/die,-/-nen,,,,
Maß,das,-e,,,,
Massenflucht,die,-en,,,,
Massenprotest,der,-e,,,,
maßgeblich,,,,,,
mathematisch,,,,,,
Matratze,die,-n,,,,
Mauerfall,der,Sg.,,,,
Mauerritze,die,-n,,,,
mechanisch,,,,,,
meckern,,,,,,
Mediziner/in,der/die,-/-nen,,,,
Meerestiefe,die,-n,,,,
Meerestier,das,-e,,,,
mehrheitlich,,,,,,
Mehrsprachigkeit,die,Sg.,,,,
meiden,,,mied,hat,gemieden,
meinetwegen,,,,,,
Meinungsfreiheit,die,Sg.,,,,
Meisterschüler/in,der/die,-/-nen,,,,
Melancholie,die,Sg.,,,,
melancholisch,,,,,,
Melodram,das,-en,,,,
Menschenleben,das,-,,,,
Menschheit,die,Sg.,,,,
Merkformel,die,-n,,,,
Merkmal,das,-e,,,,
Messecatering,das,-s,,,,
Messegelände,das,-,,,,
Messehalle,die,-n,,,,
Messgerät,das,-e,,,,
Mietvertrag,der,"""-e",,,,
Migrantenfamilie,die,-n,,,,
Migrantenkind,das,-er,,,,
Migrationsdrama,das,-dramen,,,,
Migrationshintergrund,der,Sg.,,,,
Milchprodukt,das,-e,,,,
Milieu,das,-s,,,,
Militarisierung,die,-en,,,,
Mimik,die,-en,,,,
Mindestbestellwert,der,Sg.,,,,
Ministerpräsident/in,der/die,-en/-nen,,,,
Mischung,die,-en,,,,
Misserfolg,der,-e,,,,
missverständlich,,,,,,
missverstehen,,,missverstand,hat,missverstanden,
Mist,der,Sg.,,,,
Mitarbeit,die,Sg.,,,,
mitbestimmen,,,,,,
Mitbewohner/in,der/die,-/-nen,,,,
Mitinhaber/in,der/die,-/-nen,,,,
Mitleid,das,Sg.,,,,
Mitschrift,die,-en,,,,
Mitschüler/in,der/die,-/-nen,,,,
Mittagspause,die,-n,,,,
Mittagsschlaf,der,Sg.,,,,
Mittagsschläfchen,das,-,,,,
Mittelalter,das,Sg.,,,,
mittelalterlich,,,,,,
Mitternacht,die,Sg.,,,,
mittlerweile,,,,,,
mitverantwortlich,,,,,,
Mobilfunkanbieter,der,-,,,,
Mobilität,die,Sg.,,,,
Mode,die,-n,,,,
Moderator/in,der/die,-en/-nen,,,,
monolingual,,,,,,
Monoski,der,-s,,,,
Monoskibobfahrer/in,der/die,-/-nen,,,,
Monotonie,die,Sg.,,,,
Motiv,das,-e,,,,
motiviert,,,,,,
Motto,das,-s,,,,
Mücke,die,-n,,,,
müdegearbeitet,,,,,,
Mühe,die,-n,,,,
multikulturell,,,,,,
Murmeltier,das,-e,,,,
Musikant/in,der/die,-en/-nen,,,,
Musikgenie,das,-s,,,,
Musikkonzert,das,-e,,,,
Musikrichtung,die,-en,,,,
Musiktherapeut/in,der/die,-en/-nen,,,,
Musikunterricht,der,Sg.,,,,
Musikveranstaltung,die,-en,,,,
Muslim/in,der/die,-e/-nen,,,,
Muster,das,-,,,,
Musterklausur,die,-en,,,,
Muttersprachler/in,der/die,-/-nen,,,,
mythologisch,,,,,,
Mythos,der,Mythen,,,,
nachdenklich,,,,,,
Nachfrage,die,Sg.,,,,
nachgehen,,,ging nach,ist,nachgegangen,
nachhaken,,,,,,
Nachhilfestunde,die,-n,,,,
Nachmieter/in,der/die,-/-nen,,,,
Nachteule,die,-n,,,,
nachweisen,,,wies nach,hat,nachgewiesen,
Nachwuchs,der,Sg.,,,,
Nachwuchskraft,die,"""-e",,,,
Nagel,der,"""-",,,,
nagen,,,,,,
nahegelegen,,,,,,
Näher/in,der/die,-/-nen,,,,
Naht,die,"""-e",,,,
Nation,die,-en,,,,
Nationalfeiertag,der,-e,,,,
Nationalität,die,-en,,,,
Nationalmannschaft,die,-en,,,,
Nationalsozialismus,der,Sg.,,,,
Nationalsozialist/in,der/die,-en/-nen,,,,
Naturerscheinung,die,-en,,,,
Naturkatastrophe,die,-n,,,,
Naturwissenschaft,die,-en,,,,
naturwissenschaftlich,,,,,,
Nebenjob,der,-s,,,,
nehmen,,,nahm,hat,genommen,
nehmen,,,nahm,hat,genommen,
nehmen,,,nahm,hat,genommen,
Neid,der,Sg.,,,,
Nerv,der,-en,,,,
nerven,,,,,,
Nervenkitzel,der,-,,,,
Nervenzelle,die,-n,,,,
Nervosität,die,Sg.,,,,
netterweise,,,,,,
Neuerung,die,-en,,,,
Neugier,die,Sg.,,,,
Neukundengewinnung,die,Sg.,,,,
neulich,,,,,,
Neutralität,die,Sg.,,,,
Nichtschwimmer/in,der/die,-/-nen,,,,
nichtssagend,,,,,,
Nickerchen,das,-,,,,
Niederlage,die,-n,,,,
nieseln,,,,,,
Nobelpreis,der,-e,,,,
Nobelpreisträger/in,der/die,-/-nen,,,,
Nonsens,der,Sg.,,,,
nonverbal,,,,,,
Notizblock,der,"""-e",,,,
Notlage,die,-n,,,,
Notlüge,die,-n,,,,
Notruf,der,-e,,,,
Notversorgung,die,-en,,,,
Notwendigkeit,die,-en,,,,
Nummer,die,-n,,,,
nützlich,,,,,,
Oberarm,der,-e,,,,
Oberbegriff,der,-e,,,,
obgleich,,,,,,
obligatorisch,,,,,,
Odyssee,die,-n,,,,
Offenheit,die,Sg.,,,,
Öffentlichkeit,die,Sg.,,,,
Öffnung,die,-en,,,,
oftmals,,,,,,
ohnehin,,,,,,
Ohr,das,-en,,,,
Ökologe/Ökologin,der/die,-n/-nen,,,,
Oldtimer,der,-,,,,
Olivenöl,das,-e,,,,
Onlinebanking,das,Sg.,,,,
Onlineeinkauf,der,"""-e",,,,
Onlinesucht,die,Sg.,,,,
Optiker/in,der/die,-/-nen,,,,
optimieren,,,,,,
Option,die,-en,,,,
Orden,der,-,,,,
Organ,das,-e,,,,
Organisation,die,-en,,,,
Organisation,die,-en,,,,
Organismus,der,Organismen,,,,
orientiert,,,,,,
Orientierung,die,-en,,,,
Pädagoge/Pädagogin,der/die,-n/-nen,,,,
Palast,der,"""-e",,,,
Palmenhaus,das,"""-er",,,,
Panik,die,-en,,,,
Parallelwelt,die,-en,,,,
Parfümeur/in,der/die,-e/-nen,,,,
Parlament,das,-e,,,,
parodieren,,,,,,
Partei,die,-en,,,,
Parteivorsitz,der,-e,,,,
Parteivorsitzende,der/die,-n,,,,
Partie,die,-n,,,,
Partylöwe,der,-n,,,,
passioniert,,,,,,
Passwort,das,"""-er",,,,
Pate/Patin,der/die,-n/-nen,,,,
Patent,das,-e,,,,
pauschalisieren,,,,,,
Pazifismus,der,Sg.,,,,
peinlich,,,,,,
perfektionieren,,,,,,
Persönlichkeitstraining,das,Sg.,,,,
Pessimismus,der,Sg.,,,,
pessimistisch,,,,,,
Pest,die,Sg.,,,,
Pfeife,die,-n,,,,
Pfeil,der,-e,,,,
Pflanzensammlung,die,-en,,,,
Pflege,die,Sg.,,,,
Pflichtveranstaltung,die,-en,,,,
Phänomen,das,-,,,,
Phase,die,-n,,,,
Philosoph/in,der/die,-en/-nen,,,,
philosophisch,,,,,,
phrasieren,,,,,,
physikalisch,,,,,,
Physiker/in,der/die,-/-nen,,,,
Piktogramm,das,-e,,,,
Pipette,die,-n,,,,
plagen,,,,,,
Planet,der,-en,,,,
Plastiktüte,die,-n,,,,
platt,,,,,,
Platte,die,-n,,,,
Plattenfirma,die,-firmen,,,,
Platzproblem,das,-e,,,,
Plutonium,das,Sg.,,,,
poetisch,,,,,,
Pokal,der,-e,,,,
Politikwissenschaft,die,-en,,,,
Polizeimeister/in,der/die,-/-nen,,,,
Portemonnaie,das,-s,,,,
Position,die,-en,,,,
prägen,,,,,,
Praktikumsbörse,die,-n,,,,
Praktikumszeit,die,-en,,,,
Präsentation,die,-en,,,,
Präsentationssoftware,die,-s,,,,
Präsident/in,der/die,-en/-nen,,,,
Preis,der,-e,,,,
Preis,der,-e,,,,
preisen,,,pries,hat,gepriesen,
Preisvergleich,der,-e,,,,
Pressekonferenz,die,-en,,,,
Pressesprecher/in,der/die,-/-nen,,,,
Prinzip,das,-ien,,,,
prinzipiell,,,,,,
Privatauto,das,-s,,,,
Privatleben,das,Sg.,,,,
Privatsphäre,die,Sg.,,,,
Privatwohnung,die,-en,,,,
Proband/in,der/die,-en/-nen,,,,
Probe,die,-n,,,,
Probenraum,der,"""-e",,,,
problemlos,,,,,,
Problemlösung,die,-en,,,,
Produktbeschreibung,die,-en,,,,
Produzent/in,der/die,-en/-nen,,,,
Professur,die,-en,,,,
Profil,das,-e,,,,
Profimannschaft,die,-en,,,,
Prognose,die,-n,,,,
Programmankündigung,die,-en,,,,
Projektleitung,die,-en,,,,
Projektmanagement,das,-s,,,,
prominent,,,,,,
promovieren,,,,,,
Protestaktion,die,-en,,,,
Prüfer/in,der/die,-/-nen,,,,
Prüfungsangst,die,"""-e",,,,
Psyche,die,-n,,,,
Psychologe/Psychologin,der/die,-n/-nen,,,,
Pubertierende,der/die,-n,,,,
publizieren,,,,,,
Puffertag,der,-e,,,,
Puls,der,-e,,,,
Pulsschlag,der,"""-e",,,,
Pumpe,die,-n,,,,
Putzgewohnheit,die,-en,,,,
qualifizieren,,,,,,
qualitativ,,,,,,
Qualle,die,-n,,,,
Querschnittslähmung,die,-en,,,,
quietschen,,,,,,
Quiz,das,-,,,,
radioaktiv,,,,,,
Radiofeature,das,-s,,,,
Rahmen,der,-,,,,
Rand,der,"""-er",,,,
randalieren,,,,,,
rasant,,,,,,
rastlos,,,,,,
Rat,der,Sg.,,,,
Ratgebersendung,die,-en,,,,
ratsam,,,,,,
Rätsel,das,-,,,,
Ratte,die,-n,,,,
Rauchen,das,Sg.,,,,
Raumtemperatur,die,-en,,,,
Rauschen,das,Sg.,,,,
Reaktionszeit,die,-en,,,,
reaktivieren,,,,,,
realisieren,,,,,,
Rechenschaft,die,Sg.,,,,
Recherche,die,-n,,,,
rechnen,,,,,,
Rechnungsbetrag,der,"""-e",,,,
recht,,,,,,
Rechtschreibfehler,der,-,,,,
Rechtswissenschaft,die,-en,,,,
rechtzeitig,,,,,,
reden,,,,,,
reformieren,,,,,,
Refrain,der,-s,,,,
regelmäßig,,,,,,
Regelung,die,-en,,,,
Regierungssprecher/in,der/die,-/-nen,,,,
Regierungszeit,die,-en,,,,
Regisseur/in,der/die,-e/-nen,,,,
regulieren,,,,,,
reichen,,,,,,
reifen,,,,,,
rein,,,-e,,,
Reinheit,die,Sg.,,,,
Reiz,der,,,,,
Reklamation,die,-en,,,,
relevant,,,,,,
Rennen,das,-,,,,
Rennpferd,das,-e,,,,
Reporter/in,der/die,-/-nen,,,,
reproduzieren,,,,,,
Republik,die,-en,,,,
Resignation,die,Sg.,,,,
Respekt,der,Sg.,,,,
respektieren,,,,,,
respektvoll,,,,,,
restaurieren,,,,,,
restlich,,,,,,
Resultat,das,-e,,,,
Resümee,das,-s,,,,
rettungslos,,,,,,
Reue,die,Sg.,,,,
Revolution,die,-en,,,,
revolutionieren,,,,,,
Rezeptur,die,-en,,,,
richten,,,,,,
richten,,,,,,
Richtigkeit,die,Sg.,,,,
rinnen,,,rann,ist,geronnen,
riskieren,,,,,,
Ritter,der,-,,,,
Road Movie,der,-s,,,,
Roboter,der,-,,,,
Robotertyp,der,-en,,,,
Rohwarenlager,das,-,,,,
Rolle,die,-n,,,,
Rollentausch,der,-e,,,,
Rollstuhl,der,"""-e",,,,
Romantik,die,Sg.,,,,
Romantiker/in,der/die,-/-nen,,,,
romantisch,,,,,,
rosig,,,,,,
rotschämen,,,,,,
Routine,die,-n,,,,
Rubrik,die,-en,,,,
Rücksicht,die,Sg.,,,,
rücksichtslos,,,,,,
rücksichtsvoll,,,,,,
Rückversicherung,die,-en,,,,
Rückzug,der,Sg.,,,,
rudern,,,,,,
Ruf,der,-e,,,,
rufen,,,rief,hat,gerufen,
ruhen,,,,,,
Ruheraum,der,"""-e",,,,
Ruhezeit,die,-en,,,,
ruhig,,,,,,
Rundfunkanstalt,die,-en,,,,
runterfallen,,,fiel runter,ist,runtergefallen,
rustikal,,,,,,
Rüstung,die,-en,,,,
Sachbeschädigung,die,-en,,,,
Sache,die,-n,,,,
Sache,die,-n,,,,
Sachverhalt,der,-e,,,,
Säge,die,-n,,,,
sagenhaft,,,,,,
Salat,der,-e,,,,
samt,,,,,,
sämtlich,,,,,,
sanft,,,,,,
Satiriker/in,der/die,-/-nen,,,,
satirisch,,,,,,
Sauerstoff,der,Sg.,,,,
Sauerstoffanteil,der,-e,,,,
Sauerstoffverbrauch,der,Sg.,,,,
Säuglingssterblichkeit,die,Sg.,,,,
S-Bahn-Linie,die,-n,,,,
S-Bahn-Netz,das,-e,,,,
schaffen,,,,,,
schaffen,,,,,,
Schaffensperiode,die,-n,,,,
Schale,die,-n,,,,
schätzen,,,,,,
Schätzung,die,-en,,,,
Schauplatz,der,"""-e",,,,
Schauspielschule,die,-n,,,,
Scheinehe,die,-n,,,,
scheitern,,,,,,
scheren,,,,,,
Scheu,die,Sg.,,,,
Schicksal,das,-e,,,,
Schicksalsschlag,der,"""-e",,,,
schildern,,,,,,
Schläfchen,das,-,,,,
Schlafexperte/Schlafexpertin,der/die,-n/-nen,,,,
Schlaflabor,das,-e,,,,
schlaflos,,,,,,
Schlafmangel,der,Sg.,,,,
Schlafraum,der,"""-e",,,,
Schlafstörung,die,-en,,,,
Schlag,der,"""-e",,,,
Schlaganfall,der,"""-e",,,,
schlagartig,,,,,,
schlagen,,,schlug,hat,geschlagen,
schlagen,,,schlug,hat,geschlagen,
schleichen,,,schlich,ist,geschlichen,
schließen,,,,,,
schließen,,,schloss,hat,geschlossen,
Schließung,die,-en,,,,
Schließzylinder,der,-,,,,
schlimmstenfalls,,,,,,
Schlossanlage,die,-n,,,,
Schlossbesichtigung,die,-en,,,,
Schlossbesucher/in,der/die,-/-nen,,,,
Schlossgarten,der,"""-",,,,
schlummerlos,,,,,,
schlüpfen,,,,,,
Schlüsselwort,das,"""-er",,,,
Schlussformel,die,-n,,,,
schmeißen,,,,,,
Schmerzempfinden,das,Sg.,,,,
schmerzlindernd,,,,,,
schmerzlos,,,,,,
Schmetterling,der,-e,,,,
Schmied/in,der/die,-e/-nen,,,,
Schnäppchen,das,-,,,,
schnappen,,,,,,
Schneeball,der,"""-e",,,,
Schneider/in,der/die,-/-nen,,,,
Schnelligkeit,die,Sg.,,,,
Schnitt,der,-e,,,,
schnitzen,,,,,,
Schranke,die,-n,,,,
schrecklich,,,,,,
Schreibtischplatte,die,-n,,,,
Schriftsteller/in,der/die,-/-nen,,,,
Schriftzeichen,das,-,,,,
schrumpfen,,,,,,
Schuhabdruck,der,"""-e",,,,
Schulabschluss,der,"""-e",,,,
Schulden,die,,,,,
Schulpflicht,die,Sg.,,,,
Schuluniform,die,-en,,,,
Schulzeit,die,Sg.,,,,
schützenswert,,,,,,
schutzlos,,,,,,
Schutzmaßnahme,die,-n,,,,
schwach,,,,,,
Schwäche,die,-n,,,,
Schwager/Schwägerin,der/die,"""-/-nen",,,,
Schwarm,der,"""-e",,,,
schwarz,,,,,,
schwerelos,,,,,,
schwerfallen,,,fiel schwer,ist,schwergefallen,
Schwiegermutter,die,"""-",,,,
Schwimmer/in,der/die,-/-nen,,,,
schwindeln,,,,,,
schwitzen,,,,,,
schwören,,,schwor,hat,geschworen,
Seele,die,-n,,,,
sehnen,,,,,,
sehnsüchtig,,,,,,
Seite,die,-n,,,,
Seite,die,-n,,,,
Selbstbeherrschung,die,-en,,,,
selbstbewusst,,,,,,
Selbstbewusstsein,das,Sg.,,,,
Selbstdarstellung,die,-en,,,,
selbstsicher,,,,,,
seltsam,,,,,,
Seminar,das,-e,,,,
Senior/in,der/die,-en/-nen,,,,
senken,,,,,,
Sensation,die,-en,,,,
seriös,,,,,,
Service-Unternehmen,das,-,,,,
setzen,,,,,,
setzen,,,,,,
Shampoo,das,-s,,,,
shoppen,,,,,,
Shopping,das,Sg.,,,,
Sicherheitsleiter/in,der/die,-/-nen,,,,
sicherlich,,,,,,
sicherstellen,,,,,,
Sicht,die,-en,,,,
sichtbar,,,,,,
siegessicher,,,,,,
Signal,das,-e,,,,
Silber,das,-,,,,
Silvester,das,-,,,,
simpel,,,,,,
Sinn,der,-e,,,,
sinnvoll,,,,,,
Sitzung,die,-en,,,,
Skepsis,die,Sg.,,,,
skeptisch,,,,,,
smart,,,,,,
Snack,der,-s,,,,
Snowboard,das,-s,,,,
sogenannt,,,,,,
solide,,,,,,
Sonnencreme,die,-s,,,,
Sonnenfinsternis,die,Sg.,,,,
Sonnenlicht,das,-er,,,,
sowieso,,,,,,
sozial,,,,,,
Sozialforschung,die,-en,,,,
Sozialhilfeempfänger/in,der/die,-/-nen,,,,
sozialistisch,,,,,,
Sozialwissenschaft,die,-en,,,,
sozusagen,,,,,,
Spalte,die,-n,,,,
Speck,der,Sg.,,,,
Spende,die,-n,,,,
spenden,,,,,,
Spendenbereitschaft,die,Sg.,,,,
sperren,,,,,,
sperren,,,,,,
Spezies,die,Spezien,,,,
Spielfilm,der,-e,,,,
Spielraum,der,"""-e",,,,
Spielregel,die,-n,,,,
Sponsor/in,der/die,-en/-nen,,,,
spontan,,,,,,
Sportereignis,das,-se,,,,
Sportpensum,das,-pensen,,,,
Sportveranstaltung,die,-en,,,,
Spott,der,Sg.,,,,
Sprachenpolitik,die,Sg.,,,,
Sprachensterben,das,Sg.,,,,
Sprachentwicklung,die,-en,,,,
Sprachenvielfalt,die,Sg.,,,,
Sprachforscher/in,der/die,-/-nen,,,,
Sprachgebiet,das,-e,,,,
Sprachkenntnisse,die,,,,,
Sprachregion,die,-en,,,,
Sprachschatz,der,Sg.,,,,
Sprachstörung,die,-en,,,,
Sprachwissenschaftler/in,der/die,-/-nen,,,,
Sprichwort,das,"""-er",,,,
spritzen,,,,,,
Spruch,der,"""-e",,,,
sprühen,,,,,,
spüren,,,,,,
Staatsbesuch,der,-e,,,,
Staatschef/in,der/die,-s/-nen,,,,
Staatsfeiertag,der,-e,,,,
Staatsführer/in,der/die,-/-nen,,,,
Staatsgeschäfte,die,,,,,
Stadtbibliothek,die,-en,,,,
Stamm,der,"""-e",,,,
Stand,der,"""-e",,,,
ständig,,,,,,
Standpunkt,der,-e,,,,
stapfen,,,,,,
stärken,,,,,,
Startchance,die,-n,,,,
Startseite,die,-n,,,,
Start-up,das,-s,,,,
statistisch,,,,,,
stattdessen,,,,,,
Staubschicht,die,-en,,,,
staunen,,,,,,
stecken,,,,,,
stehen,,,stand,hat,gestanden,
stehen,,,stand,hat,gestanden,
stehen,,,stand,hat,gestanden,
steigern,,,,,,
Stein,der,-e,,,,
stellen,,,,,,
stellen,,,,,,
stellen,,,,,,
stellen,,,,,,
stellen,,,,,,
Stellenanzeige,die,-n,,,,
Stellenausschreibung,die,-en,,,,
Stellenwechsel,der,-,,,,
Stellung,die,-en,,,,
Stellungnahme,die,-n,,,,
stellvertretend,,,,,,
Stellvertreter/in,der/die,-/-nen,,,,
stetig,,,,,,
stets,,,,,,
steuern,,,,,,
stimmen,,,,,,
stimmen,,,,,,
Stoffwechsel,der,-,,,,
Stopp,der,-s,,,,
Straftat,die,-en,,,,
Strandurlaub,der,-e,,,,
Strategie,die,-n,,,,
sträuben,,,,,,
Strauß,der,"""-e",,,,
Strecke,die,-n,,,,
streiken,,,,,,
strikt,,,,,,
Stromleitung,die,-en,,,,
Strömung,die,-en,,,,
Struktur,die,-en,,,,
strukturiert,,,,,,
Strukturierung,die,-en,,,,
Studentenwohnheim,das,-e,,,,
Stuntman/Stuntfrau,der/die,-men/-en,,,,
Stuntschule,die,-n,,,,
stürmen,,,,,,
Suchmaschine,die,-n,,,,
Sucht,die,"""-e",,,,
Suchtkrankheit,die,-en,,,,
Summe,die,-n,,,,
surreal,,,,,,
symbolisch,,,,,,
Sympathie,die,-n,,,,
Synonym,das,-e,,,,
systematisch,,,,,,
Taekwondo,das,Sg.,,,,
Tagebuch,das,"""-er",,,,
Tagesausflug,der,"""-e",,,,
tagsüber,,,,,,
Takt,der,-e,,,,
Talent,das,-e,,,,
talentlos,,,,,,
talentvoll,,,,,,
tatenlos,,,,,,
Tatsache,die,-n,,,,
tatsächlich,,,,,,
taufen,,,,,,
Täuschung,die,-en,,,,
Teambesprechung,die,-en,,,,
Teambildung,die,-en,,,,
Teambildungsaktivität,die,-en,,,,
Teamevent,das,-s,,,,
teamfähig,,,,,,
Teamfähigkeit,die,Sg.,,,,
Teamgeist,der,Sg.,,,,
Techniker/in,der/die,-/-nen,,,,
Technikkonzern,der,-e,,,,
Technologie,die,-n,,,,
Teilthema,das,-themen,,,,
Teilung,die,-en,,,,
Telefonist/in,der/die,-en/-nen,,,,
Telemedizin,die,Sg.,,,,
Tendenz,die,-en,,,,
Tennisplatz,der,"""-e",,,,
Tennisprofi,der,-s,,,,
Terminkalender,der,-,,,,
Terminvorschlag,der,"""-e",,,,
Terrakottafliese,die,-n,,,,
Textilbereich,der,-e,,,,
Textilhersteller,der,-,,,,
Textilie,die,-n,,,,
Textilunternehmer/in,der/die,-/-nen,,,,
Textstelle,die,-n,,,,
Textzusammenhang,der,"""-e",,,,
Theaterstück,das,-e,,,,
thematisieren,,,,,,
Themen-Tour,die,-en,,,,
Theologie,die,Sg.,,,,
Theorie,die,-n,,,,
Therapeut/in,der/die,-en/-nen,,,,
Thron,der,-e,,,,
ticken,,,,,,
Tiergarten,der,"""-",,,,
Tiergehege,das,-,,,,
Tierspur,die,-en,,,,
Todesurteil,das,-e,,,,
Toilettenspülung,die,-en,,,,
Ton,der,"""-e",,,,
touren,,,,,,
tragen,,,trug,hat,getragen,
Träne,die,-n,,,,
Tränenflüssigkeit,die,-en,,,,
Tränensack,der,"""-e",,,,
Transparenz,die,Sg.,,,,
Traubenzucker,der,-,,,,
Trauer,die,Sg.,,,,
treffen,,,traf,hat,getroffen,
treiben,,,trieb,hat,getrieben,
Trendforscher/in,der/die,-/-nen,,,,
trennbar,,,,,,
treu,,,,,,
Treue,die,Sg.,,,,
Trophäe,die,-n,,,,
trösten,,,,,,
Tunnel,der,-s,,,,
Türenknallen,das,Sg.,,,,
Türflügel,der,-,,,,
Turnier,das,-e,,,,
Turnschuh,der,-e,,,,
üben,,,,,,
überaus,,,,,,
Überblick,der,Sg.,,,,
übereinander,,,,,,
übereinstimmen,,,,,,
überfordern,,,,,,
übergeben,,,übergab,hat,übergeben,
überlassen,,,überließ,hat,überlassen,
überlastet,,,,,,
überleben,,,,,,
überlebenswichtig,,,,,,
Überlegung,die,-en,,,,
überregional,,,,,,
Überrest,der,-e,,,,
überschatten,,,,,,
überschüssig,,,,,,
übersehen,,,übersah,hat,übersehen,
übersetzbar,,,,,,
übersichtlich,,,,,,
Übertragung,die,-en,,,,
Übertreibung,die,-en,,,,
übertrieben,,,übertrieb,hat,übertrieben,
überwachen,,,,,,
überwiegend,,,,,,
überwinden,,,überwand,hat,überwunden,
Überzeugungskraft,die,"""-e",,,,
üblich,,,,,,
übrigens,,,,,,
umbringen,,,brachte um,hat,umgebracht,
umfallen,,,fiel um,ist,umgefallen,
Umfang,der,"""-e",,,,
umfangreich,,,,,,
Umfeld,das,-er,,,,
Umgang,,,,,,
umgangssprachlich,,,,,,
Umgangston,der,"""-e",,,,
umgehen,,,,,,
umgehen,,,ging um,ist,umgegangen,
umgestalten,,,,,,
Umkreis,der,-e,,,,
umrunden,,,,,,
Umschulung,die,-en,,,,
umsetzen,,,,,,
Umsteigebahnhof,der,"""-e",,,,
Umsteigeweg,der,-e,,,,
umstritten,,,,,,
umweltverträglich,,,,,,
unangebracht,,,,,,
unangemessen,,,,,,
unbedingt,,,,,,
unbewusst,,,,,,
unbezahlt,,,,,,
undenkbar,,,,,,
Unendlichkeit,die,Sg.,,,,
unentgeltlich,,,,,,
unentschlossen,,,,,,
unerfüllt,,,,,,
unerwartet,,,,,,
Unfreiheit,die,Sg.,,,,
ungebräuchlich,,,,,,
ungebrochen,,,,,,
ungefragt,,,,,,
ungehindert,,,,,,
ungehört,,,,,,
ungeliebt,,,,,,
ungeschlagen,,,,,,
ungewiss,,,,,,
unglaubwürdig,,,,,,
unleserlich,,,,,,
unpassend,,,,,,
unsterblich,,,,,,
Unstimmigkeit,die,-en,,,,
Unterdrückung,die,-en,,,,
unterfordern,,,,,,
untergehen,,,ging unter,ist,untergegangen,
Unterhalt,der,Sg.,,,,
Unterhaltungswert,der,Sg.,,,,
Unternehmen,das,-,,,,
Unternehmer/in,der/die,-/-nen,,,,
Unterteilung,die,-en,,,,
untertreiben,,,untertrieb,hat,untertrieben,
unverändert,,,,,,
unverschlossen,,,,,,
Unverständnis,das,Sg.,,,,
unverzichtbar,,,,,,
unzählig,,,,,,
üppig,,,,,,
Urteilsvermögen,das,Sg.,,,,
vehement,,,,,,
Verabschiedung,die,-en,,,,
Verabschiedungshalle,die,-n,,,,
verallgemeinern,,,,,,
Veränderung,die,-en,,,,
verankern,,,,,,
veranstalten,,,,,,
Veranstalter/in,der/die,-/-nen,,,,
Veranstaltungsagentur,die,-en,,,,
Veranstaltungskonzept,das,-e,,,,
verantworten,,,,,,
verarbeiten,,,,,,
Verarbeitung,die,-en,,,,
verärgern,,,,,,
Verärgerung,die,-en,,,,
Verband,der,"""-e",,,,
verbauen,,,,,,
verbergen,,,verbarg,hat,verborgen,
Verbesserung,die,-en,,,,
verbleiben,,,verblieb,ist,verblieben,
Verbrechen,das,-,,,,
verbreiten,,,,,,
verbreitet,,,,,,
Verbreitung,die,-en,,,,
verbunden,,,,,,
Verdächtige,der/die,-n,,,,
verdächtigen,,,,,,
verdeckt,,,,,,
verderblich,,,,,,
verdrängen,,,,,,
Vereinbarkeit,die,Sg.,,,,
vereinen,,,,,,
vererben,,,,,,
Verfahren,das,-,,,,
verfolgen,,,,,,
verfügen,,,,,,
Verfügung,die,Sg.,,,,
Verfügung,die,Sg.,,,,
vergangen,,,,,,
vergehen,,,verging,ist,vergangen,
vergewissern,,,,,,
vergießen,,,vergoss,hat,vergossen,
Vergnügen,das,-,,,,
vergolden,,,,,,
Verhaltensregel,die,-n,,,,
Verhältnis,das,-se,,,,
Verhandlung,die,-en,,,,
Verhandlungsgeschick,das,Sg.,,,,
verhandlungssicher,,,,,,
verhindern,,,,,,
Verkaufsassistent/in,der/die,-en/-nen,,,,
Verkaufsausstellung,die,-en,,,,
Verkehrsschild,das,-er,,,,
verlagern,,,,,,
verlangen,,,,,,
verlässlich,,,,,,
Verlauf,der,"""-e",,,,
verlaufen,,,verlief,ist,verlaufen,
verleihen,,,verlieh,hat,verliehen,
verleihen,,,verlieh,hat,verliehen,
Verlierer/in,der/die,-/-nen,,,,
vermehren,,,,,,
vermehrt,,,,,,
vermessen,,,vermaß,hat,vermessen,
Vermieter/in,der/die,-/-nen,,,,
vermitteln,,,,,,
Vermögen,das,-,,,,
vernichten,,,,,,
vernünftig,,,,,,
veröffentlichen,,,,,,
Verpackung,die,-en,,,,
verpennen,,,,,,
verraten,,,verriet,hat,verraten,
Versandkosten,die,,,,,
Versandrisiko,das,-risiken,,,,
verschaffen,,,,,,
verschaffen,,,,,,
verschärfen,,,,,,
Verschlüsselung,die,-en,,,,
verschuldet,,,,,,
Verschwendung,die,-en,,,,
versetzen,,,,,,
versinken,,,versank,ist,versunken,
Versorgung,die,-en,,,,
Verstand,der,Sg.,,,,
Verständlichkeit,die,Sg.,,,,
verstärken,,,,,,
verstärkt,,,,,,
versterben,,,verstarb,ist,verstorben,
Versuchsgruppe,die,-n,,,,
Versuchsperson,die,-en,,,,
Versuchsreihe,die,-n,,,,
Verteilung,die,-en,,,,
vertiefen,,,,,,
vertonen,,,,,,
vertraut,,,,,,
Vertrautheit,die,Sg.,,,,
vertreiben,,,vertrieb,hat,vertrieben,
vertreten,,,vertrat,hat,vertreten,
Vertreter/in,der/die,-/-nen,,,,
verunsichern,,,,,,
verwählen,,,,,,
verwahrlost,,,,,,
verwalten,,,,,,
Verwaltung,die,-en,,,,
Verwaltungssprache,die,-n,,,,
verwandeln,,,,,,
Verwandtschaft,die,,,,,
verwechseln,,,,,,
verweisen,,,,,,
verwöhnen,,,,,,
verwunderlich,,,,,,
verzweifelt,,,,,,
Verzweiflung,die,Sg.,,,,
verzwickt,,,,,,
vielbeschäftigt,,,,,,
vielfach,,,,,,
Vielfalt,die,Sg.,,,,
vielmehr,,,,,,
vielsprachig,,,,,,
Vielsprachigkeit,die,Sg.,,,,
Vielzahl,die,Sg.,,,,
Virenschutzprogramm,das,-e,,,,
virtuell,,,,,,
Virus,der,Viren,,,,
Visabestimmungen,die,,,,,
Vision,die,-en,,,,
visuell,,,,,,
Volk,das,"""-er",,,,
Volkslied,das,-er,,,,
voller,,,,,,
völlig,,,,,,
vollkommen,,,,,,
vollständig,,,,,,
Volontariat,das,-e,,,,
vorangegangen,,,,,,
voranstellen,,,,,,
vorausdenken,,,dachte voraus,hat,vorausgedacht,
vorausgehen,,,ging voraus,ist,vorausgegangen,
voraussetzen,,,,,,
Voraussetzung,die,-en,,,,
voraussichtlich,,,,,,
Vorbild,das,-er,,,,
vorbildlich,,,,,,
Vordergrund,der,"""-e",,,,
vordergründig,,,,,,
Vorgang,der,"""-e",,,,
vorgeben,,,gab vor,hat,vorgegeben,
vorgehen,,,ging vor,ist,vorgegangen,
Vorgesetzte,der/die,-n,,,,
vorhanden,,,,,,
vorhersagen,,,,,,
vorkommen,,,kam vor,ist,vorgekommen,
vorkommen,,,kam vor,ist,vorgekommen,
vorleben,,,,,,
Vorlesung,die,-en,,,,
Vorliebe,die,,,,,
Vormarsch,der,"""-e",,,,
Vormund,der,-e,,,,
vorsprechen,,,sprach vor,hat,vorgesprochen,
Vorstellung,die,-en,,,,
Vorstellungsgespräch,das,-e,,,,
Vortrag,der,"""-e",,,,
vortragen,,,trug vor,hat,vorgetragen,
Vortragsreihe,die,-n,,,,
vorüber,,,,,,
Vorwarnung,die,-en,,,,
Vorwurf,der,"""-e",,,,
Vorzug,der,"""-e",,,,
Vulkanausbruch,der,"""-e",,,,
wach halten,,,hielt wach,hat,wachgehalten,
Wachturm,der,"""-e",,,,
wackeln,,,,,,
wacklig,,,,,,
Waffe,die,-n,,,,
wagen,,,,,,
Wahl,die,-en,,,,
wahrnehmen,,,nahm wahr,hat,wahrgenommen,
Wahrnehmung,die,-en,,,,
Wahrnehmungsbereich,der,-e,,,,
Waise,der/die,-n,,,,
wälzen,,,,,,
Walzer,der,-,,,,
Wandel,der,-,,,,
Wanderarbeiter/in,der/die,-/-nen,,,,
Wange,die,-n,,,,
Warnsignal,das,-e,,,,
Wartezeit,die,-en,,,,
Wartezimmer,das,-,,,,
Webseite,die,-n,,,,
Wechsel,der,-,,,,
wechseln,,,,,,
Weg,der,-e,,,,
Weg,der,-e,,,,
wegbleiben,,,blieb weg,ist,weggeblieben,
wegfallen,,,fiel weg,ist,weggefallen,
wegkommen,,,kam weg,ist,weggekommen,
wegwerfen,,,warf weg,hat,weggeworfen,
Weiche,die,-n,,,,
weisen,,,wies,hat,gewiesen,
weisen,,,wies,hat,gewiesen,
weitergeben,,,,,,
weitergehen,,,ging weiter,ist,weitergegangen,
weiterhin,,,,,,
Welt,die,-en,,,,
Weltbank,die,-en,,,,
weltbekannt,,,,,,
Weltbild,das,-er,,,,
Welterbe,das,Sg.,,,,
Weltformel,die,-n,,,,
Weltgeschichte,die,Sg.,,,,
Weltkulturerbe,das,Sg.,,,,
Weltmeistertitel,der,-,,,,
Wende,die,Sg.,,,,
wenden,,,,,,
Werbeagentur,die,-en,,,,
Werbeanzeige,die,-n,,,,
Werbegrafik,die,-en,,,,
werben,,,,,,
Werbepartner/in,der/die,-/-nen,,,,
werfen,,,warf,hat,geworfen,
Wert,der,-e,,,,
Wert,der,-e,,,,
Wertewandel,der,-,,,,
Wertschätzung,die,Sg.,,,,
wesentlich,,,,,,
Weste,die,-n,,,,
Wette,die,-n,,,,
Wichtigkeit,die,Sg.,,,,
widerrufen,,,widerrief,hat,widerrufen,
widmen,,,,,,
wiedererkennen,,,erkannte wieder,hat,wiedererkannt,
wiedertreffen,,,traf wieder,hat,wiedergetroffen,
Wiedervereinigung,die,-en,,,,
wild,,,,,,
Windel,die,-n,,,,
Windeseile,die,Sg.,,,,
Wirkung,die,-en,,,,
wirkungsvoll,,,,,,
wirtschaftlich,,,,,,
Wirtschaftsprozess,der,-e,,,,
Wirtschaftssektor,der,-en,,,,
Wissensbeschaffung,die,Sg.,,,,
Wissenschaftler/in,der/die,-/-nen,,,,
Wissenschaftssprache,die,-n,,,,
Wissenschaftszentrum,das,-zentren,,,,
Wissensmanager/in,der/die,-/-nen,,,,
Witwer/Witwe,der/die,-n/-nen,,,,
witzig,,,,,,
Wochenendbeziehung,die,-en,,,,
wohltuend,,,,,,
wohlwollend,,,,,,
Wohnform,die,-en,,,,
Wohnsitz,der,-e,,,,
Wohnungssuche,die,-n,,,,
wundervoll,,,,,,
Wunsch,der,"""-e",,,,
wünschenswert,,,,,,
würdigen,,,,,,
Wüste,die,-n,,,,
Wut,,,,,,
Zahlungsmöglichkeit,die,-en,,,,
Zahnpastatube,die,-n,,,,
Zaun,der,"""-e",,,,
Zeigefinger,der,-,,,,
Zeitalter,das,-,,,,
Zeiterscheinung,die,-en,,,,
zeitintensiv,,,,,,
Zeitplan,der,"""-e",,,,
Zeitraum,der,"""-e",,,,
Zeitreise,die,-n,,,,
Zeitstrahl,der,-en,,,,
Zeitvertreib,der,-e,,,,
Zeitzeuge/Zeitzeugin,der/die,-n/-nen,,,,
Zensur,die,Sg.,,,,
Zerfall,der,Sg.,,,,
zerfallen,,,zerfiel,ist,zerfallen,
zerrissen,,,,,,
zerschneiden,,,zerschnitt,hat,zerschnitten,
ziehen,,,zog,hat,gezogen,
ziehen,,,zog,hat,gezogen,
ziehen,,,zog,ist,gezogen,
ziehen,,,zog,hat,gezogen,
zielorientiert,,,,,,
Zitat,das,-e,,,,
zittern,,,,,,
Zöpfchen,das,-,,,,
zudem,,,,,,
zufolge,,,,,,
Zufriedenheit,die,Sg.,,,,
Zugabe,die,-n,,,,
Zugang,der,"""-e",,,,
zugänglich,,,,,,
Zugewanderte,der/die,-n,,,,
zugleich,,,,,,
zugreifen,,,griff zu,hat,zugegriffen,
zugrunde liegen,,,lag zugrunde,ist,zugrunde gelegen,
Zugunglück,das,-e,,,,
zukommen,,,,,,
zukunftssicher,,,,,,
Zukunftsvision,die,-en,,,,
zukunftsweisend,,,,,,
zulassen,,,ließ zu,hat,zugelassen,
zumauern,,,,,,
zumeist,,,,,,
zumindest,,,,,,
zunehmend,,,,,,
Zuneigung,die,Sg.,,,,
Zuordnung,die,-en,,,,
zurückerobern,,,,,,
zurückfallen,,,fällt zurück,ist,zurückgefallen,
zurückgeben,,,gab zurück,hat,zurückgegeben,
zurückgehen,,,,,,
zurückhaltend,,,,,,
zurückkehren,,,,,,
zusammenarbeiten,,,,,,
zusammenbinden,,,band zusammen,hat,zusammengebunden,
zusammenbrechen,,,brach zusammen,ist,zusammengebrochen,
Zusammenbruch,der,"""-e",,,,
Zusammenfassung,die,-en,,,,
zusammengehören,,,,,,
Zusammenhang,der,"""-e",,,,
zusammenhängen,,,,,,
zusammenschreiben,,,schrieb zusammen,hat,zusammen-geschrieben,
zusammensetzen,,,,,,
zusammentragen,,,trug zusammen,hat,zusammen-getragen,
zuschlagen,,,schlug zu,hat,zugeschlagen,
zustande kommen,,,kam zustande,ist,zustande gekommen,
zutrauen,,,,,,
zuversichtlich,,,,,,
Zweifel,der,-,,,,
Zweig,der,-e,,,,
zweisprachig,,,,,,
zwischendurch,,,,,,
Zwischenfall,der,"""-e",,,,