Lemma,Artikel,Plural,Präsens,Präteritum,Hilfsverb,Partizip
ab,,,,,,
abarbeiten,,,arbeitet ab,arbeitete ab,hat,abgearbeitet
abarbeiten,,,arbeitet ab,arbeitete ab,hat,abgearbeitet
abartig,,,,,,
Abbau,der,-e,,,,
abbauen,,,baut ab,baute ab,hat,abgebaut
abbrechen,,,bricht ab,brach ab,hat,abgebrochen
abdecken,,,deckt ab,deckte ab,hat,abgedeckt
abgeben,,,gibt ab,gab ab,hat,abgegeben
abgelegen,,,,,,
abgelenkt,,,,,,
abgeschlossen,,,,,,
abgestorben,,,,,,
abheben,,,hebt ab,hob ab,hat,abgehoben
abknabbern,,,knabbert ab,knabberte ab,hat,abgeknabbert
ablaufen,,,läuft ab,lief ab,ist,abgelaufen
ablegen,,,legt ab,legte ab,hat,abgelegt
ableiten,,,leitet ab,leitete ab,hat,abgeleitet
ablenken,,,lenkt ab,lenkte ab,hat,abgelenkt
Ablenkung,die,-en,,,,
ablesen,,,liest ab,las ab,hat,abgelesen
abnehmen,,,nimmt ab,nahm ab,hat,abgenommen
Abonnent,der,-en,,,,
abraten,,,rät ab,riet ab,hat,abgeraten
abrufen,,,ruft ab,rief ab,hat,abgerufen
abrufen,,,ruft ab,rief ab,hat,abgerufen
Absatz,der,ä-e,,,,
Absatz,der,ä-e,,,,
Absatzmarkt,der,ä-e,,,,
abschaffen,,,schafft ab,schaffte ab,hat,abgeschafft
abschalten,,,schaltet ab,schaltete ab,hat,abgeschaltet
abschließen,,,schließt ab,schloss ab,hat,abgeschlossen
abschneiden,,,schneidet ab,schnitt ab,hat,abgeschnitten
abschrecken,,,schreckt ab,schreckte ab,hat,abgeschreckt
Abschwung,der,ü-e,,,,
absetzen,,,setzt ab,setzte ab,hat,abgesetzt
Absolvent,der,-en,,,,
absolvieren,,,absolviert,absolvierte,hat,absolviert
abspeichern,,,speichert ab,speicherte ab,hat,abgespeichert
abspielen,,,spielt ab,spielte ab,hat,abgespielt
absprechen,,,spricht ab,sprach ab,hat,abgesprochen
Abstand,der,ä-e,,,,
abstellen,,,stellt ab,stellte ab,hat,abgestellt
abstrakt,,,,,,
abstreifen,,,streift ab,streifte ab,hat,abgestreift
abverlangen,,,verlangt ab,verlangte ab,hat,abverlangt
abwägen,,,wägt ab,wog ab,hat,abgewogen
abwaschbar,,,,,,
abwechseln,,,wechselt ab,wechselte ab,hat,abgewechselt
Abwechslung,die,-en,,,,
abwechslungsreich,,,,,,
Abwehrstrategie,die,-n,,,,
abweichen,,,weicht ab,wich ab,ist,abgewichen
Abweichung,die,-en,,,,
achtsam,,,,,,
Agent,der,-en,,,,
Ägyptologe,der,-n,,,,
Ägyptologie,die,,,,,
ahnen,,,ahnt,ahnte,hat,geahnt
Ähnlichkeit,die,-en,,,,
Airbag,der,-s,,,,
Akademiker,der,-,,,,
akademisch,,,,,,
akribisch,,,,,,
Aktie,die,-n,,,,
Aktienkurs,der,-e,,,,
Aktualität,die,,,,,
Alarm,der,-e,,,,
Alarmanlage,die,-n,,,,
alarmieren,,,alarmiert,alarmierte,hat,alarmiert
Alleinstellungsmerkmal,das,-e,,,,
allererst,,,,,,
allermeist,,,,,,
Alltagsforschung,die,,,,,
allumfassend,,,,,,
Altbauwohnung,die,-en,,,,
altbewährt,,,,,,
altersgemischt,,,,,,
Alzheimer,der,,,,,
Amateurfußballer,der,-,,,,
Amok,der,,,,,
analytisch,,,,,,
Anbau,der,-ten,,,,
anbauen,,,baut an,baute an,hat,angebaut
Anbetracht,der,,,,,
anbringen,,,bringt an,brachte an,hat,angebracht
anderswo,,,,,,
anderweitig,,,,,,
Andrang,der,,,,,
Androhung,die,-en,,,,
aneignen,,,eignet an,eignete an,hat,angeeignet
Aneignung,die,,,,,
Anekdote,die,-n,,,,
anerkannt,,,,,,
anerkennenswert,,,,,,
Anerkennung,die,,,,,
anfallen,,,fällt an,fiel an,ist,angefallen
Anfangsbegeisterung,die,,,,,
Anfangspunkt,der,-e,,,,
anfertigen,,,fertigt an,fertigte an,hat,angefertigt
anfordern,,,fordert an,forderte an,hat,angefordert
Anforderung,die,-en,,,,
anfühlen,,,fühlt an,fühlte an,hat,angefühlt
anführen,,,führt an,führte an,hat,angeführt
angeben,,,gibt an,gab an,hat,angegeben
Angeber,der,-,,,,
angeboren,,,,,,
angehören,,,gehört an,gehörte an,hat,angehört
Angelegenheit,die,-en,,,,
angemessen,,,,,,
angerannt,,,,,,
angesehen,,,,,,
angetan,,,,,,
angewiesen,,,,,,
Anglist,der,-en,,,,
Anglistik,die,,,,,
angreifen,,,greift an,griff an,hat,angegriffen
Angreifer,der,-,,,,
Angriff,der,-e,,,,
anheimfallen,,,fällt anheim,fiel anheim,ist,anheimgefallen
Anhieb,der,,,,,
anhören,,,hört an,hörte an,hat,angehört
anketten,,,kettet an,kettete an,hat,angekettet
Anklang,der,,,,,
anklingen,,,klingt an,klang an,hat,angeklungen
Anlage,die,-n,,,,
Anlauf,der,ä-e,,,,
anlegen,,,legt an,legte an,hat,angelegt
anlehnen,,,lehnt an,lehnte an,hat,angelehnt
anmahnen,,,mahnt an,mahnte an,hat,angemahnt
anmalen,,,malt an,malte an,hat,angemalt
anmelden,,,meldet an,meldete an,hat,angemeldet
anmuten,,,mutet an,mutete an,hat,angemutet
Annahme,die,-n,,,,
annehmen,,,nimmt an,nahm an,hat,angenommen
anonym,,,,,,
anordnen,,,ordnet an,ordnete an,hat,angeordnet
anpacken,,,packt an,packte an,hat,angepackt
anregend,,,,,,
Anreiz,der,-e,,,,
Anschaffung,die,-en,,,,
Anschluss,der,ü-e,,,,
Ansicht,die,-en,,,,
ansiedeln,,,siedelt an,siedelte an,hat,angesiedelt
ansonsten,,,,,,
ansprechen,,,spricht an,sprach an,hat,angesprochen
anständig,,,,,,
anstecken,,,steckt an,steckte an,hat,angesteckt
ansteigen,,,steigt an,stieg an,ist,angestiegen
anstelle,,,,,,
anstellen,,,stellt an,stellte an,hat,angestellt
anstreben,,,strebt an,strebte an,hat,angestrebt
Anstrengung,die,-en,,,,
Anteil,der,-e,,,,
Antike,die,,,,,
Antrieb,der,-e,,,,
Anweisung,die,-en,,,,
Anwendung,die,-en,,,,
Anzeichen,das,-,,,,
Anzeige,die,-n,,,,
Apfelkern,der,-e,,,,
Arbeitnehmende,der/die,-n,,,,
Arbeitsablauf,der,ä-e,,,,
Arbeitsergebnis,das,-se,,,,
Arbeitsform,die,-en,,,,
arbeitsintensiv,,,,,,
Arbeitsklima,das,,,,,
Arbeitskollege,der,-n,,,,
Arbeitskraft,die,ä-e,,,,
Arbeitsleben,das,,,,,
Arbeitslosenquote,die,-n,,,,
Arbeitsmarkt,der,ä-e,,,,
Arbeitsplatzmodell,das,-e,,,,
Arbeitsraum,der,ä-e,,,,
arbeitsunfähig,,,,,,
Arbeitsverhältnis,das,-se,,,,
Arbeitsvertrag,der,ä-e,,,,
Arbeitsweise,die,-n,,,,
Arbeitszimmer,das,-,,,,
archaisch,,,,,,
Architekturstudium,das,-studien,,,,
Areal,das,-e,,,,
Argument,das,-e,,,,
Argumentation,die,-en,,,,
Arzneimittel,das,-,,,,
Ärztemangel,der,,,,,
Arzttermin,der,-e,,,,
Asche,die,,,,,
Assessment Center,das,-,,,,
Assistent,der,-en,,,,
atemberaubend,,,,,,
Attacke,die,-n,,,,
attackieren,,,attackiert,attackierte,hat,attackiert
Au-pair-Mädchen,das,-,,,,
Aufbau,der,,,,,
aufbessern,,,bessert auf,besserte auf,hat,aufgebessert
aufbewahren,,,bewahrt auf,bewahrte auf,hat,aufbewahrt
aufbringen,,,bringt auf,brachte auf,hat,aufgebracht
aufdecken,,,deckt auf,deckte auf,hat,aufgedeckt
aufdrehen,,,dreht auf,drehte auf,hat,aufgedreht
aufeinandertreffen,,,trifft aufeinander,traf aufeinander,ist,aufeinandergetroffen
Auffassung,die,-en,,,,
aufgeben,,,gibt auf,gab auf,hat,aufgegeben
aufgedunsen,,,,,,
aufgehoben,,,,,,
aufgeregt,,,,,,
aufgerichtet,,,,,,
aufgießen,,,gießt auf,goss auf,hat,aufgegossen
aufgreifen,,,greift auf,griff auf,hat,aufgegriffen
Aufklärung,die,,,,,
aufkleben,,,klebt auf,klebte auf,hat,aufgeklebt
aufkochen,,,kocht auf,kochte auf,hat,aufgekocht
aufleuchten,,,leuchtet auf,leuchtete auf,hat,aufgeleuchtet
Auflösung,die,-en,,,,
Aufmerksamkeit,die,,,,,
Aufnahme,die,-n,,,,
Aufnahmeprüfung,die,-en,,,,
aufnehmen,,,nimmt auf,nahm auf,hat,aufgenommen
aufraffen,,,rafft auf,raffte auf,hat,aufgerafft
aufrecht,,,,,,
aufrechterhalten,,,erhält aufrecht,erhielt aufrecht,hat,aufrechterhalten
aufregend,,,,,,
Aufregung,die,-en,,,,
Aufsatz,der,ä-e,,,,
aufschieben,,,schiebt auf,schob auf,hat,aufgeschoben
aufschlussreich,,,,,,
Aufsicht,die,,,,,
aufspringen,,,springt auf,sprang auf,ist,aufgesprungen
aufsteigen,,,steigt auf,stieg auf,ist,aufgestiegen
aufstellen,,,stellt auf,stellte auf,hat,aufgestellt
Aufstiegschance,die,-n,,,,
Aufstrich,der,-e,,,,
aufsuchen,,,sucht auf,suchte auf,hat,aufgesucht
auftauchen,,,taucht auf,tauchte auf,ist,aufgetaucht
aufteilen,,,teilt auf,teilte auf,hat,aufgeteilt
auftreten,,,tritt auf,trat auf,ist,aufgetreten
auftun,,,tut auf,tat auf,hat,aufgetan
aufwachsen,,,wächst auf,wuchs auf,ist,aufgewachsen
aufwärmen,,,wärmt auf,wärmte auf,hat,aufgewärmt
aufwerfen,,,wirft auf,warf auf,hat,aufgeworfen
aufzeichnen,,,zeichnet auf,zeichnete auf,hat,aufgezeichnet
aufzeigen,,,zeigt auf,zeigte auf,hat,aufgezeigt
aufziehen,,,zieht auf,zog auf,hat,aufgezogen
Auge,das,-n,,,,
ausarbeiten,,,arbeitet aus,arbeitete aus,hat,ausgearbeitet
Ausbau,der,,,,,
ausbilden,,,bildet aus,bildete aus,hat,ausgebildet
Ausblick,der,-e,,,,
ausbrechen,,,bricht aus,brach aus,ist,ausgebrochen
ausbügeln,,,bügelt aus,bügelte aus,hat,ausgebügelt
Ausdauer,die,,,,,
Ausdehnung,die,-en,,,,
ausdenken,,,denkt aus,dachte aus,hat,ausgedacht
ausdrücken,,,drückt aus,drückte aus,hat,ausgedrückt
ausdrücklich,,,,,,
auseinanderhalten,,,hält auseinander,hielt auseinander,hat,auseinandergehalten
Auseinandersetzung,die,-en,,,,
ausfallen,,,fällt aus,fiel aus,ist,ausgefallen
ausfeilen,,,feilt aus,feilte aus,hat,ausgefeilt
ausführen,,,führt aus,führte aus,hat,ausgeführt
ausführlich,,,,,,
ausgeglichen,,,,,,
ausgehen,,,geht aus,ging aus,ist,ausgegangen
ausgenutzt,,,,,,
ausgereift,,,,,,
ausgeschlossen,,,,,,
ausgesetzt,,,,,,
Ausgleich,der,-e,,,,
Ausgrenzung,die,-en,,,,
aushalten,,,hält aus,hielt aus,hat,ausgehalten
auskennen,,,kennt aus,kannte aus,hat,ausgekannt
auskommen,,,kommt aus,kam aus,ist,ausgekommen
auslachen,,,lacht aus,lachte aus,hat,ausgelacht
Ausläufer,der,-,,,,
Auslaufmodell,das,-e,,,,
auslegen,,,legt aus,legte aus,hat,ausgelegt
Auslese,die,,,,,
auslesen,,,liest aus,las aus,hat,ausgelesen
ausloggen,,,loggt aus,loggte aus,hat,ausgeloggt
Auslöser,der,-,,,,
ausmachen,,,macht aus,machte aus,hat,ausgemacht
ausmisten,,,mistet aus,mistete aus,hat,ausgemistet
ausprägen,,,prägt aus,prägte aus,hat,ausgeprägt
ausräumen,,,räumt aus,räumte aus,hat,ausgeräumt
ausreißen,,,reißt aus,riss aus,ist,ausgerissen
ausschlaggebend,,,,,,
Ausschluss,der,ü-e,,,,
ausschöpfen,,,schöpft aus,schöpfte aus,hat,ausgeschöpft
Ausschuss,der,ü-e,,,,
ausschütten,,,schüttet aus,schüttete aus,hat,ausgeschüttet
außergewöhnlich,,,,,,
äußerst,,,,,,
Äußerung,die,-en,,,,
ausstatten,,,stattet aus,stattete aus,hat,ausgestattet
ausstehen,,,steht aus,stand aus,hat,ausgestanden
Ausstellungshaus,das,ä-er,,,,
ausstrahlen,,,strahlt aus,strahlte aus,hat,ausgestrahlt
Ausstrahlung,die,,,,,
Austausch,der,ä-e,,,,
ausüben,,,übt aus,übte aus,hat,ausgeübt
Ausweg,der,-e,,,,
auszahlen,,,zahlt aus,zahlte aus,hat,ausgezahlt
Auszeichnung,die,-en,,,,
Auszeit,die,-en,,,,
authentisch,,,,,,
Autismus,der,,,,,
automatisieren,,,automatisiert,automatisierte,hat,automatisiert
autoritär,,,,,,
Autorität,die,-en,,,,
ayurvedisch,,,,,,
Backe,die,-n,,,,
Backsteinhaus,das,ä-er,,,,
Badehose,die,-n,,,,
Bademantel,der,ä-,,,,
Bahnübergang,der,ä-e,,,,
Ballast,der,,,,,
Ballaststoff,der,-e,,,,
Ballung,die,-en,,,,
Ballungsgebiet,das,-e,,,,
Bandbreite,die,-n,,,,
Bankenskandal,der,-e,,,,
Banker,der,-,,,,
Bankkarte,die,-n,,,,
Banküberfall,der,ä-e,,,,
Barbar,der,-en,,,,
barfuß,,,,,,
basieren,,,basiert,basierte,hat,basiert
Basis,die,,,,,
Basisinformation,die,-en,,,,
baumeln,,,baumelt,baumelte,hat,gebaumelt
beachtenswert,,,,,,
Becken,das,-,,,,
bedenken,,,bedenkt,bedachte,hat,bedacht
bedenkenlos,,,,,,
bedenklich,,,,,,
Bedenkzeit,die,-en,,,,
bedingt,,,,,,
Bedrohung,die,-en,,,,
bedürfen,,,bedarf,bedurfte,hat,bedurft
bedürftig,,,,,,
beeindrucken,,,beeindruckt,beeindruckte,hat,beeindruckt
beeindruckend,,,,,,
Beerdigung,die,-en,,,,
Befindlichkeit,die,-en,,,,
befreien,,,befreit,befreite,hat,befreit
befremden,,,befremdet,befremdete,hat,befremdet
Befürchtung,die,-en,,,,
befürworten,,,befürwortet,befürwortete,hat,befürwortet
begabt,,,,,,
Begabte,der/die,-n,,,,
begehen,,,begeht,beging,hat,begangen
begehrt,,,,,,
begeistern,,,begeistert,begeisterte,hat,begeistert
Begeisterungsfähigkeit,die,,,,,
beglückt,,,,,,
begreifen,,,begreift,begriff,hat,begriffen
behalten,,,behält,behielt,hat,behalten
behandeln,,,behandelt,behandelte,hat,behandelt
Behandlung,die,-en,,,,
beharren,,,beharrt,beharrte,hat,beharrt
beharrlich,,,,,,
beheben,,,behebt,behob,hat,behoben
Behebung,die,-en,,,,
beheizen,,,beheizt,beheizte,hat,beheizt
beherbergen,,,beherbergt,beherbergte,hat,beherbergt
beherrschen,,,beherrscht,beherrschte,hat,beherrscht
Behinderung,die,-en,,,,
Behördengang,der,ä-e,,,,
beibringen,,,bringt bei,brachte bei,hat,beigebracht
beinhalten,,,beinhaltet,beinhaltete,hat,beinhaltet
Beirat,der,ä-e,,,,
beispielhaft,,,,,,
beitreten,,,tritt bei,trat bei,ist,beigetreten
bekanntlich,,,,,,
beklagen,,,beklagt,beklagte,hat,beklagt
bekritzeln,,,bekritzelt,bekritzelte,hat,bekritzelt
belastbar,,,,,,
Belastbarkeit,die,,,,,
belastet,,,,,,
belästigen,,,belästigt,belästigte,hat,belästigt
Belastung,die,-en,,,,
belegen,,,belegt,belegte,hat,belegt
belesen,,,,,,
Beliebtheit,die,,,,,
Beliebtheitsskala,die,-skalen,,,,
Belletristik,die,,,,,
belohnen,,,belohnt,belohnte,hat,belohnt
Belohnung,die,-en,,,,
bemerkenswert,,,,,,
Bemerkung,die,-en,,,,
benachteiligen,,,benachteiligt,benachteiligte,hat,benachteiligt
Benefizkonzert,das,-e,,,,
Beobachter,der,-,,,,
Beratungsgespräch,das,-e,,,,
Beratungsstelle,die,-n,,,,
bereichern,,,bereichert,bereicherte,hat,bereichert
Bereitstellung,die,,,,,
Bergbau,der,,,,,
Berufsausbildungsstätte,die,-n,,,,
berufsbegleitend,,,,,,
Berufseinsteiger,der,-,,,,
Berufserfahrung,die,-en,,,,
Berufskontext,der,-e,,,,
Berufslaufbahn,die,-en,,,,
Berufspraxis,die,,,,,
Berufsschulabschluss,der,ü-e,,,,
Berufstätige,der/die,-n,,,,
beruhen,,,beruht,beruhte,hat,beruht
beruhigend,,,,,,
Beruhigungssauger,der,-,,,,
berühren,,,berührt,berührte,hat,berührt
besagen,,,besagt,besagte,hat,besagt
beschädigt,,,,,,
Beschädigung,die,-en,,,,
Beschaffenheit,die,-en,,,,
beschäftigen,,,beschäftigt,beschäftigte,hat,beschäftigt
Beschäftigte,der/die,-n,,,,
bescheiden,,,,,,
beschenken,,,beschenkt,beschenkte,hat,beschenkt
bescheren,,,beschert,bescherte,hat,beschert
Beschwerde,die,-n,,,,
Beschwerdebrief,der,-e,,,,
beseitigen,,,beseitigt,beseitigte,hat,beseitigt
Beseitigung,die,,,,,
Besitzer,der,-,,,,
Besonderheit,die,-en,,,,
Bestand,der,ä-e,,,,
Bestandsaufnahme,die,-n,,,,
bestärken,,,bestärkt,bestärkte,hat,bestärkt
bestehen,,,besteht,bestand,hat,bestanden
Bestimmung,die,-en,,,,
Bestseller,der,-,,,,
Bestsellerliste,die,-n,,,,
betätigen,,,betätigt,betätigte,hat,betätigt
Beteiligte,der/die,-n,,,,
Beteiligung,die,-en,,,,
beteuern,,,beteuert,beteuerte,hat,beteuert
betrachten,,,betrachtet,betrachtete,hat,betrachtet
betreffend,,,,,,
betreiben,,,betreibt,betrieb,hat,betrieben
Betreiber,der,-,,,,
betrieblich,,,,,,
Betriebsberater,der,-,,,,
Betriebswirt,der,-e,,,,
betroffen,,,,,,
Betroffene,der/die,-n,,,,
Betrug,der,ü-e,,,,
betrügerisch,,,,,,
beugen,,,beugt,beugte,hat,gebeugt
Beurteilung,die,-en,,,,
Beute,die,-n,,,,
Bevölkerungsschicht,die,-en,,,,
Bevölkerungszahl,die,-en,,,,
bewaffnet,,,,,,
bewahren,,,bewahrt,bewahrte,hat,bewahrt
bewährt,,,,,,
bewältigen,,,bewältigt,bewältigte,hat,bewältigt
Bewältigung,die,,,,,
Bewältigungsverhalten,das,,,,,
bewegen,,,bewegt,bewegte,hat,bewegt
Bewegungsablauf,der,ä-e,,,,
Bewegungsarmut,die,,,,,
Bewerber,der,-,,,,
Bewerbungsratgeber,der,-,,,,
Bewerbungstrainer,der,-,,,,
bewerten,,,bewertet,bewertete,hat,bewertet
Bewertung,die,-en,,,,
bewirken,,,bewirkt,bewirkte,hat,bewirkt
bewirken,,,bewirkt,bewirkte,hat,bewirkt
bewusst,,,,,,
bewusst,,,,,,
Bewusstsein,das,,,,,
Bewusstsein,das,,,,,
bezeichnen,,,bezeichnet,bezeichnete,hat,bezeichnet
bezeichnen,,,bezeichnet,bezeichnete,hat,bezeichnet
beziehen,,,bezieht,bezog,hat,bezogen
beziehen,,,bezieht,bezog,hat,bezogen
Bezug,der,-e,,,,
Bezug,der,-e,,,,
Bezugspunkt,der,-e,,,,
Bezugspunkt,der,-e,,,,
bezweifeln,,,bezweifelt,bezweifelte,hat,bezweifelt
bezweifeln,,,bezweifelt,bezweifelte,hat,bezweifelt
bezwingen,,,bezwingt,bezwang,hat,bezwungen
bezwingen,,,bezwingt,bezwang,hat,bezwungen
Bibliothekar,der,-e,,,,
Bibliothekar,der,-e,,,,
biegen,,,biegt,bog,hat,gebogen
biegen,,,biegt,bog,hat,gebogen
Bildband,der,-e,,,,
Bildband,der,-e,,,,
bilden,,,bildet,bildete,hat,gebildet
bilden,,,bildet,bildete,hat,gebildet
bildungsbürgerlich,,,,,,
bildungsbürgerlich,,,,,,
Bildungsbürgertum,das,,,,,
Bildungsbürgertum,das,,,,,
Bildungsgrad,der,-e,,,,
Bildungsgrad,der,-e,,,,
Bildungspolitik,die,,,,,
Bildungspolitik,die,,,,,
binden,,,bindet,band,hat,gebunden
binden,,,bindet,band,hat,gebunden
Bio-Tonne,die,-n,,,,
Bio-Tonne,die,-n,,,,
Bioecke,die,-n,,,,
Bioecke,die,-n,,,,
Biosiegel,das,-,,,,
Biosiegel,das,-,,,,
Bioware,die,-n,,,,
Bioware,die,-n,,,,
Birne,die,-n,,,,
Birne,die,-n,,,,
bisherig,,,,,,
bisherig,,,,,,
bislang,,,,,,
bislang,,,,,,
Black-out,der,-s,,,,
Black-out,der,-s,,,,
Blamage,die,-n,,,,
Blamage,die,-n,,,,
Blasinstrument,das,-e,,,,
Blasinstrument,das,-e,,,,
Blasmusik,die,,,,,
Blasmusik,die,,,,,
bleiben,,,bleibt,blieb,ist,geblieben
bleiben,,,bleibt,blieb,ist,geblieben
Böller,der,-,,,,
Böller,der,-,,,,
Boom,der,-s,,,,
Boom,der,-s,,,,
Börse,die,-n,,,,
Börse,die,-n,,,,
Börsenmakler,der,-,,,,
Börsenmakler,der,-,,,,
Botenstoff,der,-e,,,,
Bowling,das,,,,,
Brainstorming,das,-s,,,,
brechen,,,bricht,brach,hat/ist,gebrochen
Brechstange,die,-n,,,,
breiig,,,,,,
Bremslicht,das,-er,,,,
brillant,,,,,,
bringen,,,bringt,brachte,hat,gebracht
Brokkoli,der,-,,,,
Bruchteil,der,-e,,,,
brühen,,,brüht,brühte,hat,gebrüht
brühen,,,brüht,brühte,hat,gebrüht
Brunnen,der,-,,,,
Brunnen,der,-,,,,
brutal,,,,,,
brutal,,,,,,
Buchautor,der,-en,,,,
Buchautor,der,-en,,,,
Buchbesprechung,die,-en,,,,
Buchbesprechung,die,-en,,,,
Bücherregal,das,-e,,,,
Bücherregal,das,-e,,,,
Buchhändler,der,-,,,,
Buchhändler,der,-,,,,
Buchkritik,die,-en,,,,
Buchkritik,die,-en,,,,
Buchkritiker,der,-,,,,
Buchkritiker,der,-,,,,
Buchverfilmung,die,-en,,,,
Buchverfilmung,die,-en,,,,
Bude,die,-n,,,,
Bude,die,-n,,,,
bügeln,,,bügelt,bügelte,hat,gebügelt
bügeln,,,bügelt,bügelte,hat,gebügelt
Bühnenkonzert,das,-e,,,,
Bühnenkonzert,das,-e,,,,
Bühnenprogramm,das,-e,,,,
Bühnenprogramm,das,-e,,,,
bündeln,,,bündelt,bündelte,hat,gebündelt
bündeln,,,bündelt,bündelte,hat,gebündelt
Bundesfreiwilligendienst,der,,,,,
Bundesfreiwilligendienst,der,,,,,
Bundesministerium,das,-ministerien,,,,
Bundesministerium,das,-ministerien,,,,
Bundesstaat,der,-en,,,,
Bundesstaat,der,-en,,,,
bundesweit,,,,,,
bundesweit,,,,,,
Burn-Out,der,-s,,,,
Burn-Out,der,-s,,,,
Bürokratie,die,,,,,
Bürokratie,die,,,,,
Büroplatz,der,-e,,,,
Büroplatz,der,-e,,,,
Bürostuhl,der,-e,,,,
Bürostuhl,der,-e,,,,
Bushaltestelle,die,-n,,,,
Bushaltestelle,die,-n,,,,
Business,das,,,,,
Business,das,,,,,
Businessplan,der,-e,,,,
Businessplan,der,-e,,,,
Butterkeks,der,-e,,,,
Butterkeks,der,-e,,,,
Casting,das,-s,,,,
Casting,das,-s,,,,
Cello,das,-s,,,,
Cello,das,-s,,,,
chaotisch,,,,,,
chaotisch,,,,,,
charmant,,,,,,
charmant,,,,,,
Check,der,-s,,,,
Check,der,-s,,,,
checken,,,checkt,checkte,hat,gecheckt
checken,,,checkt,checkte,hat,gecheckt
Chemiker,der,-,,,,
Chemiker,der,-,,,,
chemisch,,,,,,
chemisch,,,,,,
Choreograf,der,-en,,,,
Choreograf,der,-en,,,,
Chromosom,das,-en,,,,
Chromosom,das,-en,,,,
chronologisch,,,,,,
chronologisch,,,,,,
Clown,der,-s,,,,
Clown,der,-s,,,,
Clubkonzert,das,-e,,,,
Clubkonzert,das,-e,,,,
Community,die,-s,,,,
Community,die,-s,,,,
Computerspielsucht,die,,,,,
Computerspielsucht,die,,,,,
computerspielsüchtig,,,,,,
computerspielsüchtig,,,,,,
Computerwissenschaftler,der,-,,,,
Computerwissenschaftler,der,-,,,,
Crowdfunder,der,-,,,,
Crowdfunder,der,-,,,,
Crowdfunding,das,,,,,
Crowdfunding,das,,,,,
Crowdfunding-Aktion,die,-en,,,,
Crowdfunding-Aktion,die,-en,,,,
Currywurst,die,-e,,,,
Currywurst,die,-e,,,,
Cyberkriminalität,die,,,,,
Cyberkriminalität,die,,,,,
danebenstellen,,,stellt daneben,stellte daneben,hat,danebengestellt
danebenstellen,,,stellt daneben,stellte daneben,hat,danebengestellt
darbieten,,,bietet dar,bot dar,hat,dargeboten
darbieten,,,bietet dar,bot dar,hat,dargeboten
darlegen,,,legt dar,legte dar,hat,dargelegt
darlegen,,,legt dar,legte dar,hat,dargelegt
Darlegung,die,-en,,,,
Darlegung,die,-en,,,,
Darlehen,das,-,,,,
Darlehen,das,-,,,,
dasitzen,,,sitzt da,saß da,hat,dagesessen
dasitzen,,,sitzt da,saß da,hat,dagesessen
Datenbank,die,-en,,,,
Datenbank,die,-en,,,,
Datensicherheit,die,,,,,
Datensicherheit,die,,,,,
Dauerfeuer,das,-,,,,
Dauerfeuer,das,-,,,,
Dauergast,der,-e,,,,
Dauergast,der,-e,,,,
Dauerstress,der,,,,,
Dauerstress,der,,,,,
davonlaufen,,,läuft davon,lief davon,ist,davongelaufen
davonlaufen,,,läuft davon,lief davon,ist,davongelaufen
defekt,,,,,,
defekt,,,,,,
definitiv,,,,,,
definitiv,,,,,,
Deich,der,-e,,,,
Deich,der,-e,,,,
Delikt,das,-e,,,,
Delikt,das,-e,,,,
Demenz,die,,,,,
Demenz,die,,,,,
demgegenüber,,,,,,
demgegenüber,,,,,,
demnach,,,,,,
demnach,,,,,,
denkbar,,,,,,
denkbar,,,,,,
Depression,die,-en,,,,
Depression,die,-en,,,,
derart,,,,,,
derart,,,,,,
derartig,,,,,,
derartig,,,,,,
derzeit,,,,,,
derzeit,,,,,,
Desinfektion,die,-en,,,,
Desinfektion,die,-en,,,,
desinteressiert,,,,,,
desinteressiert,,,,,,
Detektiv,der,-e,,,,
Detektiv,der,-e,,,,
Deutung,die,-en,,,,
Deutung,die,-en,,,,
Diabetes,der,,,,,
Diabetes,der,,,,,
Diagnose,die,-n,,,,
Diagnose,die,-n,,,,
Dialektik,die,,,,,
Dialektik,die,,,,,
Diätmethode,die,-n,,,,
Diätmethode,die,-n,,,,
dicht,,,,,,
dicht,,,,,,
Didaktik,die,,,,,
Didaktik,die,,,,,
Diebstahl,der,-e,,,,
Diebstahl,der,-e,,,,
Dienstreise,die,-n,,,,
Dienstreise,die,-n,,,,
differenziert,,,,,,
differenziert,,,,,,
Dilemma,das,-ta,,,,
Dilemma,das,-ta,,,,
Dioxin,das,,,,,
Dioxin,das,,,,,
Dissertation,die,-en,,,,
Dissertation,die,-en,,,,
Disziplin,die,-en,,,,
Disziplin,die,-en,,,,
Dokumentarfilm,der,-e,,,,
Dokumentarfilm,der,-e,,,,
dokumentieren,,,dokumentiert,dokumentierte,hat,dokumentiert
dokumentieren,,,dokumentiert,dokumentierte,hat,dokumentiert
dominieren,,,dominiert,dominierte,hat,dominiert
dominieren,,,dominiert,dominierte,hat,dominiert
Doppelbelastung,die,-en,,,,
Doppelbelastung,die,-en,,,,
Doppelstich,der,-e,,,,
Doppelstich,der,-e,,,,
dramatisch,,,,,,
dramatisch,,,,,,
Drang,der,,,,,
Drang,der,,,,,
dreckig,,,,,,
dreckig,,,,,,
Drehbuchautor,der,-en,,,,
Drehbuchautor,der,-en,,,,
dreidimensional,,,,,,
dreidimensional,,,,,,
drohen,,,droht,drohte,hat,gedroht
drohen,,,droht,drohte,hat,gedroht
drohend,,,,,,
drohend,,,,,,
drucken,,,druckt,druckte,hat,gedruckt
drucken,,,druckt,druckte,hat,gedruckt
dummerweise,,,,,,
dummerweise,,,,,,
Dummheit,die,-en,,,,
Dummheit,die,-en,,,,
düngen,,,düngt,düngte,hat,gedüngt
düngen,,,düngt,düngte,hat,gedüngt
Dünger,der,-,,,,
Dünger,der,-,,,,
Erholungsmöglichkeit,die,-en,,,,
Erholungsmöglichkeit,die,-en,,,,
Erholungsphase,die,-n,,,,
Erholungsphase,die,-n,,,,
erkennbar,,,,,,
erkennbar,,,,,,
Erkenntnis,die,-se,,,,
Erkenntnis,die,-se,,,,
Erklärungsversuch,der,-e,,,,
Erklärungsversuch,der,-e,,,,
erklimmen,,,erklimmt,erklomm,hat,erklommen
erklimmen,,,erklimmt,erklomm,hat,erklommen
Erkrankung,die,-en,,,,
Erkrankung,die,-en,,,,
erlassen,,,erlässt,erließ,hat,erlassen
erlassen,,,erlässt,erließ,hat,erlassen
erlaubterweise,,,,,,
erlaubterweise,,,,,,
erläutern,,,erläutert,erläuterte,hat,erläutert
erläutern,,,erläutert,erläuterte,hat,erläutert
Erläuterung,die,-en,,,,
Erläuterung,die,-en,,,,
Erleichterung,die,-en,,,,
Erleichterung,die,-en,,,,
erlernen,,,erlernt,erlernte,hat,erlernt
erlernen,,,erlernt,erlernte,hat,erlernt
erlesen,,,,,,
erlesen,,,,,,
erliegen,,,erliegt,erlag,hat,erlegen
erliegen,,,erliegt,erlag,hat,erlegen
ermitteln,,,ermittelt,ermittelte,hat,ermittelt
ermitteln,,,ermittelt,ermittelte,hat,ermittelt
Ermittler,der,-,,,,
Ermittler,der,-,,,,
ermuntern,,,ermuntert,ermunterte,hat,ermuntert
ermuntern,,,ermuntert,ermunterte,hat,ermuntert
Ernährungsstil,der,-e,,,,
Ernährungsstil,der,-e,,,,
ernennen,,,ernennt,ernannte,hat,ernannt
ernennen,,,ernennt,ernannte,hat,ernannt
erneuern,,,erneuert,erneuerte,hat,erneuert
erneuern,,,erneuert,erneuerte,hat,erneuert
ernten,,,erntet,erntete,hat,geerntet
ernten,,,erntet,erntete,hat,geerntet
erobern,,,erobert,eroberte,hat,erobert
erobern,,,erobert,eroberte,hat,erobert
erpressen,,,erpresst,erpresste,hat,erpresst
erpressen,,,erpresst,erpresste,hat,erpresst
Erpressung,die,-en,,,,
Erpressung,die,-en,,,,
erregen,,,erregt,erregte,hat,erregt
erregen,,,erregt,erregte,hat,erregt
erreichbar,,,,,,
erreichbar,,,,,,
Erreichbarkeit,die,,,,,
Erreichbarkeit,die,,,,,
erschauern,,,erschauert,erschauerte,hat,erschauert
erschauern,,,erschauert,erschauerte,hat,erschauert
erscheinen,,,erscheint,erschien,ist,erschienen
erscheinen,,,erscheint,erschien,ist,erschienen
erschließen,,,erschließt,erschloss,hat,erschlossen
erschließen,,,erschließt,erschloss,hat,erschlossen
erschwinglich,,,,,,
erschwinglich,,,,,,
Erstellung,die,,,,,
Erstellung,die,,,,,
erstmals,,,,,,
erstmals,,,,,,
ertönen,,,ertönt,ertönte,hat,ertönt
ertönen,,,ertönt,ertönte,hat,ertönt
Ertrag,der,-e,,,,
Ertrag,der,-e,,,,
Erwartung,die,-en,,,,
Erwartung,die,-en,,,,
erweisen,,,erweist,erwies,hat,erwiesen
erweisen,,,erweist,erwies,hat,erwiesen
erweitern,,,erweitert,erweiterte,hat,erweitert
erweitern,,,erweitert,erweiterte,hat,erweitert
Erweiterung,die,-en,,,,
Erweiterung,die,-en,,,,
Erwerb,der,,,,,
Erwerb,der,,,,,
erwirtschaften,,,erwirtschaftet,erwirtschaftete,hat,erwirtschaftet
erwirtschaften,,,erwirtschaftet,erwirtschaftete,hat,erwirtschaftet
erzeugen,,,erzeugt,erzeugte,hat,erzeugt
erzeugen,,,erzeugt,erzeugte,hat,erzeugt
Erziehungsbuch,das,-er,,,,
Erziehungsbuch,das,-er,,,,
Erziehungsexperte,der,-n,,,,
Erziehungsexperte,der,-n,,,,
erzielen,,,erzielt,erzielte,hat,erzielt
erzielen,,,erzielt,erzielte,hat,erzielt
Essverhalten,das,,,,,
Essverhalten,das,,,,,
etablieren,,,etabliert,etablierte,hat,etabliert
etablieren,,,etabliert,etablierte,hat,etabliert
Etappenziel,das,-e,,,,
Etappenziel,das,-e,,,,
etliche,,,,,,
etliche,,,,,,
europaweit,,,,,,
europaweit,,,,,,
Eventmanager,der,-,,,,
Eventmanager,der,-,,,,
Evolution,die,,,,,
Evolution,die,,,,,
Evolutionspsychologe,der,-n,,,,
Evolutionspsychologe,der,-n,,,,
Ewigkeit,die,-en,,,,
Ewigkeit,die,-en,,,,
Exemplar,das,-e,,,,
Exemplar,das,-e,,,,
exotisch,,,,,,
exotisch,,,,,,
explizit,,,,,,
explizit,,,,,,
exportieren,,,exportiert,exportierte,hat,exportiert
exportieren,,,exportiert,exportierte,hat,exportiert
Extra,das,-s,,,,
Extra,das,-s,,,,
Extremsituation,die,-en,,,,
Extremsituation,die,-en,,,,
exzessiv,,,,,,
exzessiv,,,,,,
fachlich,,,,,,
fachlich,,,,,,
Fachschulabschluss,der,-e,,,,
Fachschulabschluss,der,-e,,,,
Fachtext,der,-e,,,,
Fachtext,der,-e,,,,
Fachunterricht,der,,,,,
Fachunterricht,der,,,,,
Fachwissen,das,,,,,
Fachzeitschrift,die,-en,,,,
Fahndung,die,-en,,,,
Fahrerflucht,die,,,,,
fahrig,,,,,,
Fahrradkette,die,-n,,,,
Fakt,der,-en,,,,
Faktenwissen,das,,,,,
Fakultät,die,-en,,,,
fallen,,,fällt,fiel,ist,gefallen
Fälligkeit,die,-en,,,,
Falsche-Hoffnung-Syndrom,das,,,,,
Fälschung,die,-en,,,,
falten,,,faltet,faltete,hat,gefaltet
Familienalltag,der,,,,,
Familiendrama,das,-dramen,,,,
Familiengeschichte,die,-n,,,,
fanatisch,,,,,,
Fanclub,der,-s,,,,
farblich,,,,,,
fassen,,,fasst,fasste,hat,gefasst
faszinieren,,,fasziniert,faszinierte,hat,fasziniert
fatal,,,,,,
Fauxpas,der,-s,,,,
Feedback,das,-s,,,,
Fehlkalkulation,die,-en,,,,
Fehlschlag,der,-e,,,,
Fehlstellung,die,-en,,,,
Fell,das,-e,,,,
Ferienzeit,die,-en,,,,
Fernsehkonsum,der,,,,,
Fertigware,die,-n,,,,
Festanstellung,die,-en,,,,
festhalten,,,hält fest,hielt fest,hat,festgehalten
Festivalauftritt,der,-e,,,,
Festnahme,die,-n,,,,
Feststellung,die,-en,,,,
feuern,,,feuert,feuerte,hat,gefeuert
feuern,,,feuert,feuerte,hat,gefeuert
Feuerwerk,das,-e,,,,
Feuerwerk,das,-e,,,,
Filiale,die,-n,,,,
Filiale,die,-n,,,,
Filter,der,-,,,,
Filter,der,-,,,,
filtern,,,filtert,filterte,hat,gefiltert
filtern,,,filtert,filterte,hat,gefiltert
finanzierbar,,,,,,
finanzierbar,,,,,,
Finanzierer,der,-,,,,
Finanzierer,der,-,,,,
Finanzierung,die,-en,,,,
Finanzierung,die,-en,,,,
Finanzierungsinstitut,das,-e,,,,
Finanzierungsinstitut,das,-e,,,,
Finanzierungsmöglichkeit,die,-en,,,,
Finanzierungsmöglichkeit,die,-en,,,,
Finanzierungsplan,der,-e,,,,
Finanzierungsplan,der,-e,,,,
findig,,,,,,
findig,,,,,,
Fingerspitze,die,-n,,,,
Fingerspitze,die,-n,,,,
Firmament,das,-e,,,,
Firmament,das,-e,,,,
firmeneigen,,,,,,
firmeneigen,,,,,,
Firmengruppe,die,-n,,,,
Firmengruppe,die,-n,,,,
flächendeckend,,,,,,
flächendeckend,,,,,,
Flaschenhals,der,-e,,,,
Flaschenhals,der,-e,,,,
Fleck,der,-en,,,,
Fleck,der,-en,,,,
Fleischpreis,der,-e,,,,
Fleischpreis,der,-e,,,,
Fleischverarbeiter,der,-,,,,
Fleischverarbeiter,der,-,,,,
Flexibilität,die,,,,,
Flexibilität,die,,,,,
Flitterwochen,die,Pl.,,,,
Flitterwochen,die,Pl.,,,,
floskelhaft,,,,,,
floskelhaft,,,,,,
flottmachen,,,macht flott,machte flott,hat,flottgemacht
flottmachen,,,macht flott,machte flott,hat,flottgemacht
flüssig,,,,,,
flüssig,,,,,,
Flut,die,-en,,,,
Flut,die,-en,,,,
Folge,die,-n,,,,
Folge,die,-n,,,,
folgern,,,folgert,folgerte,hat,gefolgert
folgern,,,folgert,folgerte,hat,gefolgert
fördern,,,fördert,förderte,hat,gefördert
fördern,,,fördert,förderte,hat,gefördert
Forderung,die,-en,,,,
Forderung,die,-en,,,,
Förderunterricht,der,,,,,
Förderunterricht,der,,,,,
Formel,die,-n,,,,
Formel,die,-n,,,,
formell,,,,,,
formell,,,,,,
formen,,,formt,formte,hat,geformt
formen,,,formt,formte,hat,geformt
forschen,,,forscht,forschte,hat,geforscht
forschen,,,forscht,forschte,hat,geforscht
Forscher,der,-,,,,
Forscher,der,-,,,,
Forschungsauftrag,der,-e,,,,
Forschungsauftrag,der,-e,,,,
Forschungsergebnis,das,-se,,,,
Forschungsergebnis,das,-se,,,,
Forschungsfrage,die,-n,,,,
Forschungsgegenstand,der,-e,,,,
Forschungsinstitut,das,-e,,,,
Forschungsprojekt,das,-e,,,,
fortan,,,,,,
Fortgang,der,-e,,,,
Fortgang,der,-e,,,,
fragil,,,,,,
fragil,,,,,,
fragwürdig,,,,,,
fragwürdig,,,,,,
freinehmen,,,nimmt frei,nahm frei,hat,freigenommen
freinehmen,,,nimmt frei,nahm frei,hat,freigenommen
Freiraum,der,-e,,,,
Freiraum,der,-e,,,,
Freisprechanlage,die,-n,,,,
Freisprechanlage,die,-n,,,,
Freistoß,der,-e,,,,
Freistoß,der,-e,,,,
Freiwilligendienst,der,-e,,,,
Freiwilligendienst,der,-e,,,,
Fremdfinanzierung,die,-en,,,,
Fremdfinanzierung,die,-en,,,,
Fremdkapital,das,,,,,
Fremdkapital,das,,,,,
Fremdsprachenkenntnisse,die,Pl.,,,,
Fremdsprachenkenntnisse,die,Pl.,,,,
Freude,die,-n,,,,
Freude,die,-n,,,,
Freundeskreis,der,-e,,,,
Freundeskreis,der,-e,,,,
friedlich,,,,,,
friedlich,,,,,,
Frontallappen,der,-,,,,
Frontallappen,der,-,,,,
Frontbericht,der,-e,,,,
Frontbericht,der,-e,,,,
frühzeitig,,,,,,
frühzeitig,,,,,,
Frust,der,,,,,
Frust,der,,,,,
Fügung,die,-en,,,,
Fügung,die,-en,,,,
führen,,,führt,führte,hat,geführt
führen,,,führt,führte,hat,geführt
Führungskompetenz,die,-en,,,,
Führungskompetenz,die,-en,,,,
Führungskraft,die,-e,,,,
Führungskraft,die,-e,,,,
Führungsstil,der,-e,,,,
Führungsstil,der,-e,,,,
füllen,,,füllt,füllte,hat,gefüllt
füllen,,,füllt,füllte,hat,gefüllt
Füllsel,das,-,,,,
Füllsel,das,-,,,,
Funk,der,,,,,
Funk,der,,,,,
funkeln,,,funkelt,funkelte,hat,gefunkelt
funkeln,,,funkelt,funkelte,hat,gefunkelt
Funksignal,das,-e,,,,
Funksignal,das,-e,,,,
fürchten,,,fürchtet,fürchtete,hat,gefürchtet
fürchten,,,fürchtet,fürchtete,hat,gefürchtet
Fusion,die,-en,,,,
Fusion,die,-en,,,,
Fußbad,das,-er,,,,
Fußbad,das,-er,,,,
Fußballmatch,das,-s,,,,
Fußballtrick,der,-s,,,,
Fußboden,der,-,,,,
Fußgelenk,das,-e,,,,
Fußsohle,die,-n,,,,
Futter,das,-,,,,
gähnen,,,gähnt,gähnte,hat,gegähnt
galoppieren,,,galoppiert,galoppierte,hat,galoppiert
Gang,der,-e,,,,
gängig,,,,,,
Garant,der,-en,,,,
Gastprofessur,die,-en,,,,
Gaumen,der,-,,,,
gaumenfreundlich,,,,,,
geben,,,gibt,gab,hat,gegeben
Geborgenheit,die,,,,,
Gedächtnishilfe,die,-n,,,,
Gedächtnislücke,die,-n,,,,
Gedächtnisstütze,die,-n,,,,
Gedächtnistyp,der,-en,,,,
Gedanke,der,-n,,,,
gedankenversunken,,,,,,
gedanklich,,,,,,
Gefahr,die,-en,,,,
gefährden,,,gefährdet,gefährdete,hat,gefährdet
gefährdet,,,,,,
Gefährt,das,-en,,,,
Gefallen,der,-,,,,
gefragt,,,,,,
Gefühl,das,-e,,,,
gefühlt,,,,,,
gegebenenfalls,,,,,,
Gegensatz,der,-e,,,,
gegensteuern,,,gegensteuert,gegensteuerte,hat,gegengesteuert
Gegenverkehr,der,,,,,
Gegenzug,der,-e,,,,
gehen,,,geht,ging,ist,gegangen
Gehirn,das,-e,,,,
Gehirnareal,das,-e,,,,
Gehirnhälfte,die,-n,,,,
Gehör,das,-e,,,,
Geige,die,-n,,,,
Geist,der,-er,,,,
geisterhaft,,,,,,
geistesgegenwärtig,,,,,,
geistig,,,,,,
Gelächter,das,-,,,,
Geländer,das,-,,,,
gelangen,,,gelangt,gelangte,ist,gelangt
gelangweilt,,,,,,
gelassen,,,,,,
Gelassenheit,die,,,,,
Geldmangel,der,,,,,
Geldschein,der,-e,,,,
Gelegenheit,die,-en,,,,
gelegentlich,,,,,,
Geleit,das,-e,,,,
Gemeinschaftskasse,die,-n,,,,
Gemeinschaftsraum,der,-e,,,,
Gemeinwohl,das,,,,,
Gen,das,-e,,,,
generell,,,,,,
genial,,,,,,
genießen,,,genießt,genoss,hat,genossen
Genre,das,-s,,,,
Gentechnik,die,-en,,,,
Genuss,der,-e,,,,
geografisch,,,,,,
geometrisch,,,,,,
geprägt,,,,,,
gerade,,,,,,
geraten,,,gerät,geriet,ist,geraten
Geräusch,das,-e,,,,
Gerichtsmediziner,der,-,,,,
Geringqualifizierte,der/die,-n,,,,
Gesagte,das,,,,,
Gesamtauflage,die,-n,,,,
Gesamtaussage,die,-n,,,,
Gesamtbevölkerung,die,-en,,,,
Gesamteindruck,der,-e,,,,
Gesamturteil,das,-e,,,,
Gesang,der,-e,,,,
Geschäftsessen,das,-,,,,
Geschäftsführer,der,-,,,,
Geschäftsidee,die,-n,,,,
Geschäftsleitung,die,-en,,,,
Geschehen,das,-,,,,
geschickt,,,,,,
Geschlechterrolle,die,-n,,,,
geschlechterspezifisch,,,,,,
geschlossen,,,,,,
geschwind,,,,,,
gesellen,,,gesellt,gesellte,hat,gesellt
Geselligkeit,die,,,,,
Gesellschaft,die,-en,,,,
gesellschaftlich,,,,,,
Gesetzesflut,die,,,,,
Gesetzeslücke,die,-n,,,,
Gesetzgeber,der,-,,,,
Gesetzgebung,die,-en,,,,
gesetzlich,,,,,,
Gesetzmäßigkeit,die,-en,,,,
Gespräch,das,-e,,,,
Gestaltung,die,-en,,,,
Gestik,die,-en,,,,
gestört,,,,,,
gestrig,,,,,,
Gesundheitsfaktor,der,-en,,,,
Gesundheitshandeln,das,,,,,
Gesundheitskonzept,das,-e,,,,
Gesundheitspolitik,die,,,,,
Gesundheitsprogramm,das,-e,,,,
Gesundheitssystem,das,-e,,,,
Gesundheitstest,der,-s,,,,
Gesundheitswesen,das,,,,,
Gesundheitszustand,der,,,,,
getrennt,,,,,,
getreulich,,,,,,
getrost,,,,,,
gewachsen,,,,,,
gewähren,,,gewährt,gewährte,hat,gewährt
gewaltsam,,,,,,
Gewicht,das,-e,,,,
Gewichtskontrolle,die,-n,,,,
Gewinn,der,-e,,,,
Gewinnbeteiligung,die,-en,,,,
gewinnen,,,gewinnt,gewann,hat,gewonnen
Gewinnler,der,-,,,,
gewiss,,,,,,
Gewissen,das,-,,,,
Gewissensbisse,die,Pl.,,,,
Gewissensfrage,die,-n,,,,
Gewohnheit,die,-en,,,,
Gift,das,-e,,,,
Glasdach,das,-er,,,,
gläsern,,,,,,
gleich,,,,,,
gleichen,,,gleicht,glich,hat,geglichen
Gleichgesinnte,der/die,-n,,,,
Gleichgewicht,das,,,,,
gleichgültig,,,,,,
Gleichmacherei,die,,,,,
gleichsetzen,,,gleichsetzt,gleichsetzte,hat,gleichgesetzt
Gleichzeitigkeit,die,,,,,
Gliederung,die,-en,,,,
Globalisierung,die,,,,,
Glotze,die,-n,,,,
Glücksbringer,der,-,,,,
glutenfrei,,,,,,
Grab,das,-er,,,,
Grad,der,-e,,,,
Graf,der,-en,,,,
grammatisch,,,,,,
Gremium,das,Gremien,,,,
Grenze,die,-n,,,,
grenzenlos,,,,,,
grob,,,,,,
Gros,das,,,,,
großartig,,,,,,
Großtante,die,-n,,,,
Großteil,der,-e,,,,
größtenteils,,,,,,
grübeln,,,grübelt,grübelte,hat,gegrübelt
Grundbedürfnis,das,-se,,,,
Gründer,der,-,,,,
Grundhaltung,die,-en,,,,
grundlegend,,,,,,
Grundproblem,das,-e,,,,
Grundrecht,das,-e,,,,
Grundsatz,der,-e,,,,
Grundstudium,das,,,,,
Grundvoraussetzung,die,-en,,,,
Gummi,der,-s,,,,
Gummibärchen,das,-,,,,
Gut,das,-er,,,,
Gutenachtkuss,der,-e,,,,
Guthaben,das,-,,,,
gutheißen,,,heißt gut,hieß gut,hat,gutgeheißen
gutmachen,,,macht gut,machte gut,hat,gutgemacht
guttun,,,tut gut,tat gut,hat,gutgetan
Haft,die,,,,,
Häkchen,das,-,,,,
häkeln,,,häkelt,häkelte,hat,gehäkelt
halbdunkel,,,,,,
halbherzig,,,,,,
halten,,,hält,hielt,hat,gehalten
Haltung,die,-en,,,,
Hand,die,-e,,,,
Handarbeit,die,-en,,,,
Handarbeitsbuch,das,-er,,,,
handeln,,,handelt,handelte,hat,gehandelt
Handeln,das,,,,,
handhaben,,,handhabt,handhabte,hat,gehandhabt
Handlungsanweisung,die,-en,,,,
Handout,das,-s,,,,
Handwerk,das,-e,,,,
Handwerksbetrieb,der,-e,,,,
Handysucht,die,,,,,
hängen,,,hängt,hing,hat,gehangen
Hass,der,,,,,
Häufigkeit,die,-en,,,,
Hauptbedeutung,die,-en,,,,
Hauptfaktor,der,-en,,,,
Hauptgrund,der,-e,,,,
Hauptinformation,die,-en,,,,
Hauptmieter,der,-,,,,
Hauptnachrichten,die,Pl.,,,,
Hauptsystem,das,-e,,,,
Haupttätigkeit,die,-en,,,,
Hausarbeit,die,-en,,,,
Hausarzt,der,-e,,,,
Hausetage,die,-n,,,,
Haushälterin,die,-nen,,,,
Hauskatze,die,-n,,,,
Hausmittel,das,-,,,,
Hausordnung,die,-en,,,,
Hausverwaltung,die,-en,,,,
Hauterkrankung,die,-en,,,,
hautnah,,,,,,
Hautschuppe,die,-n,,,,
hegen,,,hegt,hegte,hat,gehegt
heilen,,,heilt,heilte,hat,geheilt
Heilung,die,-en,,,,
Heim,das,-e,,,,
Heimatland,das,,,,,
Heimweg,der,-e,,,,
Heiratsschwindel,der,-,,,,
Heißluftballon,der,-s/-e,,,,
Hektar,der,-,,,,
Hektik,die,,,,,
hellblau,,,,,,
herangehen,,,geht heran,ging heran,ist,herangegangen
heranwachsen,,,wächst heran,wuchs heran,ist,herangewachsen
herausbekommen,,,bekommt heraus,bekam heraus,hat,herausbekommen
herausfiltern,,,filtert heraus,filterte heraus,hat,herausgefiltert
herausfließen,,,fließt heraus,floss heraus,ist,herausgeflossen
herauskommen,,,kommt heraus,kam heraus,ist,herausgekommen
herkömmlich,,,,,,
Herrenjahre,die,Pl.,,,,
herrichten,,,richtet her,richtete her,hat,hergerichtet
Herstellung,die,-en,,,,
herumirren,,,irrt herum,irrte herum,ist,herumgeirrt
herumreisen,,,reist herum,reiste herum,ist,herumgereist
herumstehen,,,steht herum,stand herum,ist,herumgestanden
hervorbringen,,,bringt hervor,brachte hervor,hat,hervorgebracht
hervorheben,,,hebt hervor,hob hervor,hat,hervorgehoben
Hervorhebung,die,-en,,,,
hervorstoßen,,,stößt hervor,stieß hervor,hat,hervorgestoßen
hervortun,,,tut hervor,tat hervor,hat,hervorgetan
Herz,das,-en,,,,
Herz-Kreislauf-Erkrankung,die,-en,,,,
herzhaft,,,,,,
Herzklopfen,das,,,,,
Heu,das,-e,,,,
heulen,,,heult,heulte,hat,geheult
heutig,,,,,,
heutzutage,,,,,,
Hierarchie,die,-n,,,,
hierbei,,,,,,
hierzu,,,,,,
Highlight,das,-s,,,,
Hilfe,die,-n,,,,
Hilfeleistung,die,-en,,,,
hilflos,,,,,,
Hilfskraft,die,-e,,,,
Himmelsrichtung,die,-en,,,,
hinauftragen,,,trägt hinauf,trug hinauf,hat,hinaufgetragen
hinausposaunen,,,posaunt hinaus,posaunte hinaus,hat,hinausposaunt
hinauswachsen,,,wächst hinaus,wuchs hinaus,ist,hinausgewachsen
hinauswollen,,,will hinaus,wollte hinaus,hat,hinausgewollt
Hinblick,der,,,,,
Hindernis,das,-se,,,,
hindeuten,,,deutet hin,deutete hin,hat,hingedeutet
hindurchgelangen,,,gelangt hindurch,gelangte hindurch,ist,hindurchgelangt
hineinleben,,,lebt hinein,lebte hinein,hat,hineingelebt
hineinschaufeln,,,schaufelt hinein,schaufelte hinein,hat,hineingeschaufelt
Hingabe,die,,,,,
hingegen,,,,,,
hingucken,,,guckt hin,guckte hin,hat,hingeguckt
Hinsicht,die,,,,,
hinsichtlich,,,,,,
hinterfragen,,,hinterfragt,hinterfragte,hat,hinterfragt
hinterfragen,,,hinterfragt,hinterfragte,hat,hinterfragt
Hintergrund,der,-e,,,,
Hintergrund,der,-e,,,,
hinunterspringen,,,springt hinunter,sprang hinunter,ist,hinuntergesprungen
hinunterspringen,,,springt hinunter,sprang hinunter,ist,hinuntergesprungen
hinwegsehen,,,sieht hinweg,sah hinweg,hat,hinweggesehen
hinwegsehen,,,sieht hinweg,sah hinweg,hat,hinweggesehen
hinzufügen,,,fügt hinzu,fügte hinzu,hat,hinzugefügt
hinzufügen,,,fügt hinzu,fügte hinzu,hat,hinzugefügt
hinzukommen,,,kommt hinzu,kam hinzu,ist,hinzugekommen
hinzukommen,,,kommt hinzu,kam hinzu,ist,hinzugekommen
Hirn,das,-e,,,,
Hirn,das,-e,,,,
Hirnareal,das,-e,,,,
Hirnareal,das,-e,,,,
Hirnforschung,die,-en,,,,
Hirnforschung,die,-en,,,,
Hirnscan,der,-s,,,,
Hirnscan,der,-s,,,,
Hirnteil,der,-e,,,,
Hirnteil,der,-e,,,,
Historiker,der,-,,,,
Historiker,der,-,,,,
Hitzefrei,das,,,,,
Hitzefrei,das,,,,,
hochbegabt,,,,,,
hochbegabt,,,,,,
Hochbegabung,die,-en,,,,
Hochbegabung,die,-en,,,,
Hochdeutsch,das,,,,,
Hochdeutsch,das,,,,,
hocheffektiv,,,,,,
hocheffektiv,,,,,,
hochkarätig,,,,,,
hochkarätig,,,,,,
Hochleistungsgerät,das,-e,,,,
Hochleistungsgerät,das,-e,,,,
hochschauen,,,schaut hoch,schaute hoch,hat,hochgeschaut
hochschauen,,,schaut hoch,schaute hoch,hat,hochgeschaut
Hochschulabschluss,der,-e,,,,
Hochschulabschluss,der,-e,,,,
Hochschulstudium,das,-studien,,,,
Hochschulstudium,das,-studien,,,,
Hochsommer,der,-,,,,
Hochsommer,der,-,,,,
Hochsprache,die,-n,,,,
Hochsprache,die,-n,,,,
Höchstgrenze,die,-n,,,,
Höchstgrenze,die,-n,,,,
Hochwasser,das,-,,,,
Hochwasser,das,-,,,,
hochwertig,,,,,,
hochwertig,,,,,,
Hofnarr,der,-en,,,,
Hofnarr,der,-en,,,,
holen,,,holt,holte,hat,geholt
holen,,,holt,holte,hat,geholt
Holzbrücke,die,-n,,,,
Holzbrücke,die,-n,,,,
Holzwerkstatt,die,-en,,,,
Holzwerkstatt,die,-en,,,,
Homeoffice,das,,,,,
Homeoffice,das,,,,,
Homöopathie,die,,,,,
Homöopathie,die,,,,,
Honorarprofessor,der,-en,,,,
Honorarprofessor,der,-en,,,,
honorieren,,,honoriert,honorierte,hat,honoriert
honorieren,,,honoriert,honorierte,hat,honoriert
Horizont,der,-e,,,,
Horizont,der,-e,,,,
Hotelpool,der,-s,,,,
Hotelpool,der,-s,,,,
Hotelzimmer,das,-,,,,
Hotelzimmer,das,-,,,,
hundeelend,,,,,,
hundeelend,,,,,,
hüpfen,,,hüpft,hüpfte,hat,gehüpft
hüpfen,,,hüpft,hüpfte,hat,gehüpft
Hutnadel,die,-n,,,,
Hutnadel,die,-n,,,,
Hysterie,die,-n,,,,
Hysterie,die,-n,,,,
Idee,die,-n,,,,
Idee,die,-n,,,,
ideenreich,,,,,,
ideenreich,,,,,,
Ideenreichtum,der,,,,,
Ideenreichtum,der,,,,,
identifizieren,,,identifiziert,identifizierte,hat,identifiziert
identifizieren,,,identifiziert,identifizierte,hat,identifiziert
Identifizierung,die,-en,,,,
Identifizierung,die,-en,,,,
identisch,,,,,,
identisch,,,,,,
Identität,die,-en,,,,
Identität,die,-en,,,,
Illusion,die,-en,,,,
Illusion,die,-en,,,,
Image,das,-s,,,,
Image,das,-s,,,,
Imbissbude,die,-n,,,,
Imbissbude,die,-n,,,,
immens,,,,,,
immens,,,,,,
Immigrant,der,-en,,,,
Immigrant,der,-en,,,,
implizit,,,,,,
implizit,,,,,,
imponieren,,,imponiert,imponierte,hat,imponiert
imponieren,,,imponiert,imponierte,hat,imponiert
Impuls,der,-e,,,,
Impuls,der,-e,,,,
Indikator,der,-en,,,,
Indikator,der,-en,,,,
indirekt,,,,,,
indirekt,,,,,,
individualisieren,,,individualisiert,individualisierte,hat,individualisiert
individualisieren,,,individualisiert,individualisierte,hat,individualisiert
Individualität,die,,,,,
Individualität,die,,,,,
industrialisieren,,,industrialisiert,industrialisierte,hat,industrialisiert
industrialisieren,,,industrialisiert,industrialisierte,hat,industrialisiert
Industrieland,das,-er,,,,
Industrieland,das,-er,,,,
Industrieware,die,-n,,,,
Industrieware,die,-n,,,,
Innovationsschub,der,-e,,,,
Innovationsschub,der,-e,,,,
innovativ,,,,,,
innovativ,,,,,,
insgeheim,,,,,,
insgeheim,,,,,,
insolvent,,,,,,
insolvent,,,,,,
Insolvenz,die,-en,,,,
Insolvenz,die,-en,,,,
Inspiration,die,-en,,,,
Inspiration,die,-en,,,,
inspirieren,,,inspiriert,inspirierte,hat,inspiriert
inspirieren,,,inspiriert,inspirierte,hat,inspiriert
inspirierend,,,,,,
inspirierend,,,,,,
instruieren,,,instruiert,instruierte,hat,instruiert
instruieren,,,instruiert,instruierte,hat,instruiert
integriert,,,,,,
integriert,,,,,,
Intellekt,der,-e,,,,
Intellekt,der,-e,,,,
Intendant,der,-en,,,,
Intendant,der,-en,,,,
interdisziplinär,,,,,,
interdisziplinär,,,,,,
Internetangebot,das,-e,,,,
Internetangebot,das,-e,,,,
Internetplattform,die,-en,,,,
Internetplattform,die,-en,,,,
Internetsucht,die,-e,,,,
Internetsucht,die,-e,,,,
intim,,,,,,
intim,,,,,,
ironisch,,,,,,
ironisch,,,,,,
ironisieren,,,ironisiert,ironisierte,hat,ironisiert
ironisieren,,,ironisiert,ironisierte,hat,ironisiert
Ironisierung,die,-en,,,,
Ironisierung,die,-en,,,,
irritiert,,,,,,
irritiert,,,,,,
Irrtum,der,-er,,,,
Irrtum,der,-er,,,,
IT-Branche,die,,,,,
IT-Branche,die,,,,,
jagen,,,jagt,jagte,hat,gejagt
jagen,,,jagt,jagte,hat,gejagt
Jahreswechsel,der,-,,,,
Jahreswechsel,der,-,,,,
Jahrgang,der,-e,,,,
Jahrgang,der,-e,,,,
Jammerlappen,der,-,,,,
Jammerlappen,der,-,,,,
jeweilig,,,,,,
jeweilig,,,,,,
Joghurt,der,-s,,,,
Joghurt,der,-s,,,,
Jubel,der,-,,,,
Jubel,der,-,,,,
Jugendalter,das,,,,,
Jugendalter,das,,,,,
Jugendfürsorge,die,,,,,
Jugendfürsorge,die,,,,,
Jugendkriminalität,die,,,,,
Jugendkriminalität,die,,,,,
Jugendpsychiatrie,die,-n,,,,
Jugendpsychiatrie,die,-n,,,,
Jugendsünde,die,-n,,,,
Jugendsünde,die,-n,,,,
Jugendwelt,die,-en,,,,
Jugendwelt,die,-en,,,,
Jungunternehmer,der,-,,,,
Jungunternehmer,der,-,,,,
Juniorprofessor,der,-en,,,,
Juniorprofessor,der,-en,,,,
Jurist,der,-en,,,,
Jurist,der,-en,,,,
juristisch,,,,,,
juristisch,,,,,,
Justitia,die,,,,,
Justitia,die,,,,,
Kabarett,das,-s,,,,
Kabarett,das,-s,,,,
Kabarettist,der,-en,,,,
Kabarettist,der,-en,,,,
Kaffeefilter,der,-,,,,
Kaffeefilter,der,-,,,,
Kaffeepulver,das,-,,,,
Kaffeepulver,das,-,,,,
Kaffeesatz,der,-e,,,,
Kaffeesatz,der,-e,,,,
kahl,,,,,,
kahl,,,,,,
Kalenderblatt,das,-er,,,,
Kalenderblatt,das,-er,,,,
Kalkulation,die,-en,,,,
Kalkulation,die,-en,,,,
Kamin,der,-e,,,,
Kamin,der,-e,,,,
Kanal,der,-e,,,,
Kanal,der,-e,,,,
Kangalfisch,der,-e,,,,
Kangalfisch,der,-e,,,,
Kanzlei,die,-en,,,,
Kanzlei,die,-en,,,,
Kapazität,die,-en,,,,
Kapazität,die,-en,,,,
Kapital,das,,,,,
Kapital,das,,,,,
Kapitalgeber,der,-,,,,
Kapitalgeber,der,-,,,,
Kapitulation,die,-en,,,,
Kapitulation,die,-en,,,,
Kapsel,die,-n,,,,
Kapsel,die,-n,,,,
Karaffe,die,-n,,,,
Karaffe,die,-n,,,,
Karate,das,,,,,
Karate,das,,,,,
Karikatur,die,-en,,,,
Karikatur,die,-en,,,,
Karnevalszeit,die,-en,,,,
Karnevalszeit,die,-en,,,,
Karrierebremse,die,-n,,,,
Karrierebremse,die,-n,,,,
Karrierefaktor,der,-en,,,,
Karrierefaktor,der,-en,,,,
Karrieremagazin,das,-e,,,,
Karrieremagazin,das,-e,,,,
Karriereschritt,der,-e,,,,
Karriereschritt,der,-e,,,,
Kasse,die,-n,,,,
Kasse,die,-n,,,,
Kasten,der,-,,,,
Kasten,der,-,,,,
Kellerstück,das,-e,,,,
Kellerstück,das,-e,,,,
kennen,,,kennt,kannte,hat,gekannt
kennen,,,kennt,kannte,hat,gekannt
Kenntnis,die,-se,,,,
Kenntnis,die,-se,,,,
Kennzeichnung,die,-en,,,,
Kennzeichnung,die,-en,,,,
Kern,der,-e,,,,
Kern,der,-e,,,,
kerngesund,,,,,,
kerngesund,,,,,,
Kernspintomograf,der,-en,,,,
Kernspintomograf,der,-en,,,,
Kick,der,-s,,,,
Kick,der,-s,,,,
kiefergerecht,,,,,,
kiefergerecht,,,,,,
Kinderarzt,der,-e,,,,
Kinderarzt,der,-e,,,,
Kindergärtner,der,-,,,,
Kindergärtner,der,-,,,,
Kinderpsychiater,der,-,,,,
Kinderpsychiater,der,-,,,,
Kinderzimmer,das,-,,,,
Kinderzimmer,das,-,,,,
kindgerecht,,,,,,
kindgerecht,,,,,,
Kindheitserinnerung,die,-en,,,,
Kindheitserinnerung,die,-en,,,,
Kinogutschein,der,-e,,,,
Kinogutschein,der,-e,,,,
kitschig,,,,,,
kitschig,,,,,,
Kitt,der,-e,,,,
Kitt,der,-e,,,,
Kittel,der,-,,,,
Kittel,der,-,,,,
kitzeln,,,kitzelt,kitzelte,hat,gekitzelt
kitzeln,,,kitzelt,kitzelte,hat,gekitzelt
kitzlig,,,,,,
kitzlig,,,,,,
klammheimlich,,,,,,
klammheimlich,,,,,,
Klang,der,-e,,,,
Klang,der,-e,,,,
klarkommen,,,kommt klar,kam klar,ist,klargekommen
klarkommen,,,kommt klar,kam klar,ist,klargekommen
Klassenfahrt,die,-en,,,,
Klassenfahrt,die,-en,,,,
Klassiker,der,-,,,,
Klassiker,der,-,,,,
Klette,die,-n,,,,
Klette,die,-n,,,,
Klettverschluss,der,-e,,,,
Klettverschluss,der,-e,,,,
Klickgarant,der,-en,,,,
Klickgarant,der,-en,,,,
Klinge,die,-n,,,,
Klinge,die,-n,,,,
Kluft,die,-en,,,,
Kluft,die,-en,,,,
knacken,,,knackt,knackte,hat,geknackt
knacken,,,knackt,knackte,hat,geknackt
kneifen,,,kneift,kniff,hat,gekniffen
kneifen,,,kneift,kniff,hat,gekniffen
Knochenbruch,der,-e,,,,
Knochenbruch,der,-e,,,,
Knollensellerie,der,-s,,,,
Knollensellerie,der,-s,,,,
kognitiv,,,,,,
kognitiv,,,,,,
Kohleförderung,die,-en,,,,
Kohleförderung,die,-en,,,,
Kohlehydrat,das,-e,,,,
Kohlehydrat,das,-e,,,,
Kohlekrise,die,-n,,,,
Kohlekrise,die,-n,,,,
kollektiv,,,,,,
kollektiv,,,,,,
Komiker,der,-,,,,
Komiker,der,-,,,,
kommen,,,kommt,kam,ist,gekommen
kommen,,,kommt,kam,ist,gekommen
Kommilitone,der,-n,,,,
Kommilitone,der,-n,,,,
Kommissar,der,-e,,,,
Kommissar,der,-e,,,,
Kommune,die,-n,,,,
Kommune,die,-n,,,,
Kommunikationsfähigkeit,die,,,,,
Kommunikationsfähigkeit,die,,,,,
Kommunikationskultur,die,-en,,,,
Kommunikationskultur,die,-en,,,,
Kommunikationsmanagement,das,-s,,,,
Kommunikationsmanagement,das,-s,,,,
Kommunikationsmittel,das,-,,,,
Kommunikationsmittel,das,-,,,,
Kommunikationsweg,der,-e,,,,
Kommunikationsweg,der,-e,,,,
Kommunikationswirt,der,-e,,,,
Kommunikationswirt,der,-e,,,,
kommunikativ,,,,,,
kommunikativ,,,,,,
komödiantisch,,,,,,
komödiantisch,,,,,,
kompetent,,,,,,
kompetent,,,,,,
Konflikt,der,-e,,,,
Konflikt,der,-e,,,,
Konfliktfähigkeit,die,,,,,
Konfliktfähigkeit,die,,,,,
Konfliktsituation,die,-en,,,,
Konfliktsituation,die,-en,,,,
konfrontieren,,,konfrontiert,konfrontierte,hat,konfrontiert
königlich,,,,,,
Konjunktur,die,-en,,,,
konkret,,,,,,
Konkurrenzdruck,der,,,,,
Konsequenz,die,-en,,,,
Konstrukt,das,-e,,,,
Konsument,der,-en,,,,
Kontakt,der,-e,,,,
Kontaktaufnahme,die,-n,,,,
kontern,,,kontert,konterte,hat,gekontert
Kontext,der,-e,,,,
konventionell,,,,,,
Konzentrationstest,der,-s,,,,
Konzept,das,-e,,,,
Konzern,der,-e,,,,
Konzertfilm,der,-e,,,,
Kopf,der,-e,,,,
Kopfbedeckung,die,-en,,,,
Köpfchen,das,-,,,,
Kopfschmerzen,die,Pl.,,,,
Koproduktion,die,-en,,,,
Korbmacher,der,-,,,,
Korbstuhl,der,-e,,,,
Körpergefühl,das,-e,,,,
Körperhaltung,die,-en,,,,
Körpertemperatur,die,-en,,,,
Körperverletzung,die,-en,,,,
Korrektheit,die,,,,,
Korrespondenz,die,-en,,,,
Kosmetikbehandlung,die,-en,,,,
Kosmetikliege,die,-n,,,,
kostbar,,,,,,
kosten,,,kostet,kostete,hat,gekostet
kostümieren,,,kostümiert,kostümierte,hat,kostümiert
Kraft,die,-e,,,,
Krankheitsprävention,die,,,,,
Kräuter,die,Pl.,,,,
Kreativität,die,,,,,
Kreativitätstrainer,der,-,,,,
Kreativtechnik,die,-en,,,,
Krebs,der,,,,,
Krebsfrüherkennung,die,,,,,
Kredit,der,-e,,,,
Kreditwürdigkeit,die,,,,,
Kreis,der,-e,,,,
Kreislaufprobleme,die,Pl.,,,,
kribbeln,,,kribbelt,kribbelte,hat,gekribbelt
Kriegswaise,der,-n,,,,
Krimiabteilung,die,-en,,,,
Krimiautor,der,-en,,,,
Krimifigur,die,-en,,,,
Krimihandlung,die,-en,,,,
Krimileser,der,-,,,,
Kriminalität,die,,,,,
Kriminalliteratur,die,,,,,
kriminell,,,,,,
kriminologisch,,,,,,
Krimireihe,die,-n,,,,
Krimischauplatz,der,-e,,,,
Kriterium,das,Kriterien,,,,
Kritikfähigkeit,die,,,,,
Krümel,der,-,,,,
kugelrund,,,,,,
Kühlwasser,das,-,,,,
Kuhstall,der,-e,,,,
Kult,der,,,,,
Kulturwissenschaft,die,-en,,,,
Kulturwissenschaftler,der,-,,,,
Kumpel,der,-,,,,
kündbar,,,,,,
Kundenorientierung,die,,,,,
Kundenzahlen,die,Pl.,,,,
Kunstakademie,die,-n,,,,
Kunstareal,das,-e,,,,
Kunstbereich,der,-e,,,,
Kunstfälschung,die,-en,,,,
Kunsthandwerk,das,-e,,,,
Kunsthochschule,die,-n,,,,
Kunstkurs,der,-e,,,,
Künstleralltag,der,,,,,
künstlerisch,,,,,,
Künstlerleben,das,-,,,,
Kunstsammlung,die,-en,,,,
Kunstschatz,der,-e,,,,
Kunststück,das,-e,,,,
Kunststudium,das,-studien,,,,
Kunstwelt,die,-en,,,,
Kur,die,-en,,,,
kurfürstlich,,,,,,
kurios,,,,,,
Kurs,der,-e,,,,
Kürzel,das,-,,,,
kurzerhand,,,,,,
kurzweilig,,,,,,
Kurzzeitgedächtnis,das,,,,,
Kusine,die,-n,,,,
Kutsche,die,-n,,,,
Labertasche,die,-n,,,,
Ladenpreis,der,-e,,,,
Lage,die,-n,,,,
Lagerung,die,-en,,,,
Landesverrat,der,-e,,,,
Landwirt,der,-e,,,,
langfristig,,,,,,
längs,,,,,,
Langzeitfolge,die,-n,,,,
Langzeitgedächtnis,das,,,,,
Lauf,der,-e,,,,
laufen,,,läuft,lief,ist,gelaufen
laufend,,,,,,
Laufzeit,die,-en,,,,
Laut,der,-e,,,,
lauten,,,lautet,lautete,hat,gelautet
lauwarm,,,,,,
Leadsänger,der,-,,,,
Leben,das,-,,,,
Lebensart,die,-en,,,,
Lebenserwartung,die,,,,,
Lebensfreude,die,,,,,
Lebensgeschichte,die,-n,,,,
Lebenskrise,die,-n,,,,
Lebensmittelindustrie,die,-n,,,,
Lebensmittelkontrolleur,der,-e,,,,
Lebensmittelpunkt,der,-e,,,,
Lebensmittelsicherheit,die,,,,,
Lebensmittelwirtschaft,die,,,,,
Lebensplan,der,-e,,,,
Lebensprinzip,das,-ien,,,,
Lebensqualität,die,,,,,
Lebensspanne,die,,,,,
Lebensstil,der,-e,,,,
Lebenswelt,die,-en,,,,
Lebenswerk,das,-e,,,,
Lederhose,die,-n,,,,
lediglich,,,,,,
Leere,die,,,,,
legen,,,legt,legte,hat,gelegt
legendär,,,,,,
Legitimierung,die,-en,,,,
lehren,,,lehrt,lehrte,hat,gelehrt
Lehrende,der/die,-n,,,,
Lehrjahr,das,-e,,,,
Lehrmeister,der,-,,,,
Lehrperson,die,-en,,,,
Lehrplan,der,-e,,,,
lehrreich,,,,,,
Lehrstuhl,der,-e,,,,
Leichtigkeit,die,,,,,
Leidenschaft,die,-en,,,,
Leihservice,der,-s,,,,
Leistungsdruck,der,,,,,
Leistungserwartung,die,-en,,,,
Leitfaden,der,-,,,,
Leitung,die,-en,,,,
Lektion,die,-en,,,,
lenken,,,lenkt,lenkte,hat,gelenkt
Lernniveau,das,-s,,,,
Lernprozess,der,-e,,,,
Lernziel,das,-e,,,,
Lesefimmel,der,-,,,,
Lesefreund,der,-e,,,,
lesenswert,,,,,,
Leseratte,die,-n,,,,
Leserkommentar,der,-e,,,,
Lesung,die,-en,,,,
Liberalisierung,die,-en,,,,
Lichtblick,der,-e,,,,
Liebeskummer,der,-,,,,
liebevoll,,,,,,
Liebhaber,der,-,,,,
liegen,,,liegt,lag,hat,gelegen
Linde,die,-n,,,,
Linguistik,die,,,,,
Linienbus,der,-se,,,,
literarisch,,,,,,
Literatursegment,das,-e,,,,
Literaturverfilmung,die,-en,,,,
Literaturwissenschaft,die,-en,,,,
Literaturwissenschaftler,der,-,,,,
Livealbum,das,-alben,,,,
lobenswert,,,,,,
Locke,die,-n,,,,
logisch,,,,,,
Lohnkosten,die,Pl.,,,,
Lokalkolorit,das,-s,,,,
Los,das,-e,,,,
Löschblatt,das,-er,,,,
Loslösung,die,,,,,
Lösungsansatz,der,-e,,,,
loswerden,,,wird los,wurde los,ist,losgeworden
Lotto,das,,,,,
Löwenzahn,der,-e,,,,
lückenlos,,,,,,
Luft,die,-e,,,,
Luft,die,-e,,,,
lustig,,,,,,
lustig,,,,,,
luxuriös,,,,,,
luxuriös,,,,,,
Luxus,der,,,,,
Luxus,der,,,,,
Machenschaft,die,-en,,,,
Machenschaft,die,-en,,,,
Mächtige,der/die,-n,,,,
Mächtige,der/die,-n,,,,
mäkeln,,,,,,
mäkeln,,,,,,
managen,,,,,,
managen,,,,,,
mangeln,,,,,,
mangeln,,,,,,
Mango,die,-s,,,,
Mango,die,-s,,,,
Manieren,die,,,,,
Manieren,die,,,,,
Manipulation,die,-en,,,,
Manipulation,die,-en,,,,
Markenzeichen,das,-,,,,
Markenzeichen,das,-,,,,
Marker,der,-,,,,
Marker,der,-,,,,
Marketingabteilung,die,-en,,,,
Marketingabteilung,die,-en,,,,
Marktlücke,die,-n,,,,
Marktlücke,die,-n,,,,
Marsrover,der,-,,,,
Marsrover,der,-,,,,
Masern,die,,,,,
Maskierung,die,-en,,,,
Maskierung,die,-en,,,,
Massage,die,-n,,,,
Massage,die,-n,,,,
Masse,die,-n,,,,
Masse,die,-n,,,,
massieren,,,,,,
massieren,,,,,,
maßgeschneidert,,,,,,
maßgeschneidert,,,,,,
Maschinenbau,der,,,,,
Maschinenbau,der,,,,,
Masern,die,,,,,
mäßig,,,,,,
mäßig,,,,,,
Master,der,-,,,,
Master,der,-,,,,
materiell,,,,,,
materiell,,,,,,
Medienpädagoge,der,-n,,,,
Medienpädagoge,der,-n,,,,
Mediziner,der,-,,,,
Mediziner,der,-,,,,
mehrfach,,,,,,
mehrfach,,,,,,
mehrmals,,,,,,
mehrmals,,,,,,
Mehrsprachigkeit,die,,,,,
Mehrsprachigkeit,die,,,,,
Meinungsmacher,der,-,,,,
Meinungsmacher,der,-,,,,
meistern,,,,,,
meistern,,,,,,
meistverkauft,,,,,,
meistverkauft,,,,,,
Menschentraube,die,-n,,,,
Menschentraube,die,-n,,,,
Menschenverstand,der,,,,,
Menschenverstand,der,,,,,
Merkmal,das,-e,,,,
Merkmal,das,-e,,,,
Merkzettel,der,-,,,,
Merkzettel,der,-,,,,
Messdaten,die,,,,,
Messdaten,die,,,,,
Messingtopf,der,ö-e,,,,
Messingtopf,der,ö-e,,,,
Meuterei,die,-en,,,,
Meuterei,die,-en,,,,
Miesepeter,der,-,,,,
Miesepeter,der,-,,,,
Mikroskop,das,-e,,,,
Mikroskop,das,-e,,,,
Millisekunde,die,-n,,,,
Millisekunde,die,-n,,,,
minderbemittelt,,,,,,
minderbemittelt,,,,,,
Mindestkapital,das,,,,,
Mindestkapital,das,,,,,
Mindestkapitalmenge,die,-n,,,,
Mindestkapitalmenge,die,-n,,,,
Mindestlohn,der,ö-e,,,,
Mindestlohn,der,ö-e,,,,
Mischform,die,-en,,,,
Mischform,die,-en,,,,
Mischung,die,-en,,,,
Mischung,die,-en,,,,
Misere,die,-n,,,,
Misere,die,-n,,,,
Missbildung,die,-en,,,,
Missbildung,die,-en,,,,
missbilligen,,,,,,
missbilligen,,,,,,
missglücken,,,,,,
missglücken,,,,,,
Mist,der,,,,,
Mist,der,,,,,
Mitarbeitende,der/die,-n,,,,
Mitarbeitende,der/die,-n,,,,
Mitbewerber,der,-,,,,
Mitbewerber,der,-,,,,
mitdenken,,,denkt mit,dachte mit,hat,mitgedacht
mitdenken,,,denkt mit,dachte mit,hat,mitgedacht
miteinbeziehen,,,bezieht mit ein,bezog mit ein,hat,miteinbezogen
miteinbeziehen,,,bezieht mit ein,bezog mit ein,hat,miteinbezogen
mitentscheiden,,,entscheidet mit,entschied mit,hat,mitentschieden
mitentscheiden,,,entscheidet mit,entschied mit,hat,mitentschieden
mitessen,,,isst mit,aß mit,hat,mitgegessen
mitessen,,,isst mit,aß mit,hat,mitgegessen
mitfühlen,,,,,,
mitfühlen,,,,,,
mitgeben,,,gibt mit,gab mit,hat,mitgegeben
mitgeben,,,gibt mit,gab mit,hat,mitgegeben
Mitgefühl,das,,,,,
Mitgefühl,das,,,,,
mitgestalten,,,,,,
mitgestalten,,,,,,
Mitgliedschaft,die,-en,,,,
Mitgliedschaft,die,-en,,,,
mithalten,,,hält mit,hielt mit,hat,mitgehalten
mithalten,,,hält mit,hielt mit,hat,mitgehalten
mithilfe,,,,,,
mithilfe,,,,,,
mitlächeln,,,,,,
mitlächeln,,,,,,
Mitleid,das,,,,,
Mitleid,das,,,,,
Mitmacheffekt,der,-e,,,,
Mitmacheffekt,der,-e,,,,
Mitmensch,der,-en,,,,
Mitmensch,der,-en,,,,
mitreißen,,,reißt mit,riss mit,hat,mitgerissen
mitreißen,,,reißt mit,riss mit,hat,mitgerissen
mitsamt,,,,,,
mitsamt,,,,,,
mitspielen,,,,,,
mitspielen,,,,,,
Mittelpunkt,der,-e,,,,
Mittelpunkt,der,-e,,,,
Mittvierziger,der,-,,,,
Mittvierziger,der,-,,,,
mitunter,,,,,,
mitunter,,,,,,
mitwirken,,,,,,
mitwirken,,,,,,
Mixer,der,-,,,,
Mixer,der,-,,,,
Mobilfunk,der,,,,,
Mobilfunk,der,,,,,
möglicherweise,,,,,,
möglicherweise,,,,,,
Möhrengrün,das,-s,,,,
Möhrengrün,das,-s,,,,
monoton,,,,,,
monoton,,,,,,
Moral,die,,,,,
Moral,die,,,,,
moralisch,,,,,,
moralisch,,,,,,
morden,,,,,,
morden,,,,,,
mörderisch,,,,,,
mörderisch,,,,,,
Motiv,das,-e,,,,
Motiv,das,-e,,,,
Motivation,die,-en,,,,
Motivation,die,-en,,,,
motivieren,,,,,,
motivieren,,,,,,
Motorwagen,der,ä-,,,,
Motorwagen,der,ä-,,,,
Müdigkeit,die,,,,,
Müdigkeit,die,,,,,
mühsam,,,,,,
mühsam,,,,,,
multilateral,,,,,,
multilateral,,,,,,
Multiplikator,der,-en,,,,
Multiplikator,der,-en,,,,
Multitasking,das,,,,,
Multitasking,das,,,,,
Mund,der,ü-er,,,,
Mund,der,ü-er,,,,
munter,,,,,,
munter,,,,,,
Museumspädagoge,der,-n,,,,
Museumspädagoge,der,-n,,,,
Musikalbum,das,-alben,,,,
Musikalbum,das,-alben,,,,
Musikart,die,-en,,,,
Musikart,die,-en,,,,
Musikerkollege,der,-n,,,,
Musikerkollege,der,-n,,,,
Musikkonservatorium,das,-konservatorien,,,,
Musikkonservatorium,das,-konservatorien,,,,
Musikprojekt,das,-e,,,,
Musikprojekt,das,-e,,,,
Musikstil,der,-e,,,,
Musikstil,der,-e,,,,
Musikstudium,das,-studien,,,,
Musikstudium,das,-studien,,,,
Mut,der,,,,,
Mut,der,,,,,
Mutterrolle,die,-n,,,,
Mutterrolle,die,-n,,,,
Mütze,die,-n,,,,
Mütze,die,-n,,,,
nachahmen,,,,,,
nachahmen,,,,,,
Nachbarland,das,ä-er,,,,
Nachbarland,das,ä-er,,,,
Nachbarzelle,die,-n,,,,
Nachbarzelle,die,-n,,,,
nachdenklich,,,,,,
nachdenklich,,,,,,
nachgehen,,,geht nach,ging nach,ist,nachgegangen
nachgehen,,,geht nach,ging nach,ist,nachgegangen
nachhaken,,,,,,
nachhaken,,,,,,
nachhaltig,,,,,,
nachhaltig,,,,,,
Nachkomme,der,-n,,,,
Nachkomme,der,-n,,,,
nachkommen,,,kommt nach,kam nach,ist,nachgekommen
nachkommen,,,kommt nach,kam nach,ist,nachgekommen
nachlassen,,,lässt nach,ließ nach,hat,nachgelassen
nachlassen,,,lässt nach,ließ nach,hat,nachgelassen
Niete,die,-n,,,,
Nitrat,das,-e,,,,
Norm,die,-en,,,,
Normalfall,der,ü-e,,,,
Normalo,der,-s,,,,
Normalsterbliche,der,-n,,,,
Nostalgiker,der,-,,,,
Notensystem,das,-e,,,,
Notlage,die,-n,,,,
Nutzen,der,-,,,,
Nutzer,der,-,,,,
Nutzung,die,-en,,,,
Nutzungsverhalten,das,,,,,
Oase,die,-n,,,,
oberflächlich,,,,,,
Oberhaupt,das,ä-er,,,,
Oberkörper,der,-,,,,
Objekt,das,-e,,,,
Obstbaum,der,ü-e,,,,
offenbaren,,,,,,
Offenlegung,die,-en,,,,
offensichtlich,,,,,,
offenstehen,,,steht offen,stand offen,hat,offengestanden
öffnen,,,,,,
Öffnung,die,-en,,,,
Ökonom,der,-en,,,,
Ökonomisierung,die,,,,,
Ökovollkornbrot,das,-e,,,,
Online-Shop,der,-s,,,,
Open-Air-Konzert,das,-e,,,,
Opernsänger,der,-,,,,
optimal,,,,,,
Ordnung,die,-en,,,,
Organisation,die,-en,,,,
Organisationsfähigkeit,die,-en,,,,
Organisator,der,-en,,,,
orientieren,,,,,,
Orientierung,die,,,,,
Originaltext,der,-e,,,,
Ortschaft,die,-en,,,,
ozeanblau,,,,,,
Pädagogik,die,,,,,
pädagogisch,,,,,,
Partnerschaft,die,-en,,,,
Partylöwe,der,-n,,,,
passgenau,,,,,,
Passion,die,-en,,,,
Patent,das,-e,,,,
Peeling,das,-s,,,,
perforieren,,,,,,
permanent,,,,,,
Personalabteilung,die,-en,,,,
Personalchef,der,-s,,,,
Personaler,der,-,,,,
Personalexperte,der,-n,,,,
Personalkosten,die,,,,,
Personenschaden,der,ä-,,,,
Persönlichkeit,die,-en,,,,
Perspektive,die,-n,,,,
Pestizid,das,-e,,,,
Pfad,der,-e,,,,
Pferderücken,der,-,,,,
Pflanzenstoff,der,-e,,,,
pflegen,,,,,,
Pflicht,die,-en,,,,
Phänomen,das,-e,,,,
Phrase,die,-n,,,,
phrasenhaft,,,,,,
Physiotherapeut,der,-en,,,,
physisch,,,,,,
pieksen,,,,,,
Pinnwand,die,ä-e,,,,
Placebo,das,-s,,,,
plädieren,,,,,,
Planet,der,-en,,,,
planmäßig,,,,,,
Plattenvertrag,der,ä-e,,,,
Plattform,die,-en,,,,
platzen,,,,,,
plausibel,,,,,,
Polizeibeamte,der,-n,,,,
Pommes,das,-,,,,
Porzellan,das,,,,,
Position,die,-en,,,,
positionieren,,,,,,
Postkorbübung,die,-en,,,,
Potenzial,das,-e,,,,
prädestiniert,,,,,,
praktizieren,,,,,,
Prämienzahlung,die,-en,,,,
prämiert,,,,,,
Präparat,das,-e,,,,
Prärie,die,-n,,,,
Präsente-Lager,das,-,,,,
Prävention,die,,,,,
Präventionsangebot,das,-e,,,,
Praxis,die,,,,,
Preis,der,-e,,,,
Preisdruck,der,,,,,
prellen,,,,,,
primär,,,,,,
Prinzip,das,-ien,,,,
Priorität,die,-en,,,,
Privatleben,das,,,,,
Proband,der,-en,,,,
probiotisch,,,,,,
Problem,das,-e,,,,
Produktionskosten,die,,,,,
Produktionsland,das,ä-er,,,,
Produktionsstätte,die,-n,,,,
Produktpiraterie,die,-n,,,,
Produktsicherheit,die,,,,,
Produzent,der,-en,,,,
profan,,,,,,
professionell,,,,,,
Professur,die,-en,,,,
Projektbeschreibung,die,-en,,,,
Projektidee,die,-n,,,,
promoten,,,,,,
Promotion,die,-en,,,,
promoviert,,,,,,
Prosopagnosie,die,,,,,
Prosopagnostiker,der,-,,,,
prosopagnostisch,,,,,,
Proteinhaushalt,der,-e,,,,
Provokation,die,-en,,,,
prozedural,,,,,,
Prozentsatz,der,ä-e,,,,
Prozess,der,-e,,,,
psychisch,,,,,,
Psychopath,der,-en,,,,
Psychotherapie,die,-n,,,,
Pubertät,die,-en,,,,
Public-Viewing,das,-s,,,,
Publikumsmagnet,der,-en,,,,
Punkt,der,-e,,,,
pürieren,,,,,,
Putzplan,der,ä-e,,,,
Puzzlespiel,das,-e,,,,
qualifiziert,,,,,,
qualitativ,,,,,,
Qualitätskontrolle,die,-n,,,,
Qualitätssprung,der,ü-e,,,,
Quantität,die,-en,,,,
Quelle,die,-n,,,,
Rachefeldzug,der,ü-e,,,,
rächen,,,,,,
Rahmen,der,-,,,,
Rakete,die,-n,,,,
rasant,,,,,,
rasch,,,,,,
rasen,,,,,,
Rasenmäher,der,-,,,,
Rat,der,,,,,
Ratgeberbuch,das,ü-er,,,,
Rationalisierungsmaßnahme,die,-n,,,,
ratsam,,,,,,
rätseln,,,,,,
Raubüberfall,der,ä-e,,,,
Rauchschwade,die,-n,,,,
Raum,der,ä-e,,,,
räumlich,,,,,,
Raupe,die,-n,,,,
rausbringen,,,bringt raus,brachte raus,hat,rausgebracht
rauschen,,,,,,
real,,,,,,
Realisierung,die,-en,,,,
Realisierungszeitraum,der,ä-e,,,,
Recht,das,-e,,,,
rechtfertigen,,,,,,
Rechtschreibung,die,,,,,
Rechtspflicht,die,-en,,,,
Rechtsprechung,die,-en,,,,
Rechtsverkehr,der,,,,,
rechtswidrig,,,,,,
rechtswidrig,,,,,,
Rede,die,-n,,,,
Rede,die,-n,,,,
Reduktion,die,,,,,
Reduktion,die,,,,,
Regel,die,-n,,,,
Regel,die,-n,,,,
regelrecht,,,,,,
regelrecht,,,,,,
Regelung,die,-en,,,,
Regelung,die,-en,,,,
Reggae,der,,,,,
Reggae,der,,,,,
Regierungskreis,der,-e,,,,
Regierungskreis,der,-e,,,,
Regiolekt,der,-e,,,,
Regiolekt,der,-e,,,,
Regionalkrimi,der,-s,,,,
Regionalkrimi,der,-s,,,,
Regisseur,der,-e,,,,
Regisseur,der,-e,,,,
regnerisch,,,,,,
regnerisch,,,,,,
Reich,das,-e,,,,
Reich,das,-e,,,,
Reihe,die,-n,,,,
Reihe,die,-n,,,,
Reinform,die,-en,,,,
Reinform,die,-en,,,,
reißen,,,reißt,riss,ist,gerissen
reißen,,,reißt,riss,ist,gerissen
Reiz,der,-e,,,,
Reiz,der,-e,,,,
reizen,,,,,,
reizen,,,,,,
reizvoll,,,,,,
reizvoll,,,,,,
rekonstruieren,,,,,,
rekonstruieren,,,,,,
Rekonstruktion,die,-en,,,,
Rekonstruktion,die,-en,,,,
Renaissance,die,-n,,,,
Renaissance,die,-n,,,,
Renommee,das,-s,,,,
Renommee,das,-s,,,,
Reparaturkapazität,die,-en,,,,
Reparaturkapazität,die,-en,,,,
Repertoire,das,-s,,,,
Repertoire,das,-s,,,,
Resonanz,die,-en,,,,
Resonanz,die,-en,,,,
Ressource,die,-n,,,,
Ressource,die,-n,,,,
Resümee,das,-s,,,,
Resümee,das,-s,,,,
Reue,die,,,,,
Reue,die,,,,,
Revolution,die,-en,,,,
Revolution,die,-en,,,,
revolutionieren,,,,,,
revolutionieren,,,,,,
Rheuma,das,,,,,
Rheuma,das,,,,,
Richtungswechsel,der,-,,,,
Richtungswechsel,der,-,,,,
Riesenkarton,der,-e/-s,,,,
Riesenkarton,der,-e/-s,,,,
Rinderwahn,der,,,,,
Rinderwahn,der,,,,,
robust,,,,,,
robust,,,,,,
röcheln,,,,,,
röcheln,,,,,,
rocken,,,,,,
rocken,,,,,,
rockig,,,,,,
rockig,,,,,,
Rohstoff,der,-e,,,,
Rohstoff,der,-e,,,,
Rohstoffverarbeitung,die,,,,,
Rohstoffverarbeitung,die,,,,,
Rollenbild,das,-er,,,,
Rollenbild,das,-er,,,,
Routine,die,-n,,,,
Routine,die,-n,,,,
routiniert,,,,,,
routiniert,,,,,,
Rubrik,die,-en,,,,
Rubrik,die,-en,,,,
Rückgang,der,ä-e,,,,
Rückgang,der,ä-e,,,,
Rücksichtslosigkeit,die,,,,,
Rücksichtslosigkeit,die,,,,,
Ruf,der,,,,,
Ruf,der,,,,,
Ruhe,die,,,,,
Ruhe,die,,,,,
Ruhepause,die,-n,,,,
Ruhepause,die,-n,,,,
Ruhestand,der,,,,,
Ruhestand,der,,,,,
Ruhigstellen,,,,,,
Ruhigstellen,,,,,,
Sabbatical,das,-s,,,,
Sabbatical,das,-s,,,,
Sachbeschädigung,die,-en,,,,
Sachbeschädigung,die,-en,,,,
Sachleistung,die,-en,,,,
Sachleistung,die,-en,,,,
Sachverhalt,der,-e,,,,
Sachverhalt,der,-e,,,,
Safe,der,-s,,,,
Safe,der,-s,,,,
saisonal,,,,,,
saisonal,,,,,,
Salmonelle,die,-n,,,,
Salmonelle,die,-n,,,,
Satellitenbild,das,-er,,,,
Satellitenbild,das,-er,,,,
Sauger,der,-,,,,
Sauger,der,-,,,,
Säule,die,-n,,,,
Säule,die,-n,,,,
Sauna,die,Saunen,,,,
Sauna,die,Saunen,,,,
Saunalandschaft,die,-en,,,,
Saunalandschaft,die,-en,,,,
Scanner,der,-,,,,
Scanner,der,-,,,,
Schachspieler,der,-,,,,
Schachspieler,der,-,,,,
Schädel,der,-,,,,
Schädel,der,-,,,,
Schadstoff,der,-e,,,,
Schadstoff,der,-e,,,,
Schale,die,-n,,,,
Schale,die,-n,,,,
Schattenseite,die,-n,,,,
Schattenseite,die,-n,,,,
Schätzung,die,-en,,,,
Schätzung,die,-en,,,,
Scheidungsgrund,der,ü-e,,,,
Scheidungsgrund,der,ü-e,,,,
Schienbein,das,-e,,,,
Schienbein,das,-e,,,,
Schilderung,die,-en,,,,
Schilderung,die,-en,,,,
Schilling,der,-e,,,,
Schilling,der,-e,,,,
Schimmel,der,-,,,,
Schimmel,der,-,,,,
Schimmelpilz,der,-e,,,,
Schimmelpilz,der,-e,,,,
schlagen,,,schlägt,schlug,hat,geschlagen
schlagen,,,schlägt,schlug,hat,geschlagen
schlagfertig,,,,,,
schlagfertig,,,,,,
Schlagfertigkeit,die,,,,,
Schlagfertigkeit,die,,,,,
Schlagzeug,das,-e,,,,
Schlagzeug,das,-e,,,,
Schlamm,der,-e,,,,
Schlamm,der,-e,,,,
schlau,,,,,,
schlau,,,,,,
Schleuse,die,-n,,,,
Schleuse,die,-n,,,,
schlicht,,,,,,
schlicht,,,,,,
schließen,,,schließt,schloss,hat,geschlossen
schließen,,,schließt,schloss,hat,geschlossen
Schluck,der,-e,,,,
Schluck,der,-e,,,,
Schluss,der,ü-e,,,,
Schluss,der,ü-e,,,,
Schlussfolgerung,die,-en,,,,
Schlussfolgerung,die,-en,,,,
schlüssig,,,,,,
schlüssig,,,,,,
Schlusslicht,das,-er,,,,
Schlusslicht,das,-er,,,,
Schmetterling,der,-e,,,,
Schmetterling,der,-e,,,,
Schmiede,die,-n,,,,
Schmiede,die,-n,,,,
Schmuddelkind,das,-er,,,,
Schmuddelkind,das,-er,,,,
Schnelligkeit,die,,,,,
Schnelligkeit,die,,,,,
Schnitt,der,-e,,,,
Schnitt,der,-e,,,,
Schnuller,der,-,,,,
Schnuller,der,-,,,,
Schock,der,-s,,,,
Schock,der,-s,,,,
schönfärben,,,,,,
schönfärben,,,,,,
Schrei,der,-e,,,,
Schrei,der,-e,,,,
Schreibkurs,der,-e,,,,
Schreibkurs,der,-e,,,,
Schreibplan,der,ä-e,,,,
Schreibplan,der,ä-e,,,,
Schreibwettbewerb,der,-e,,,,
Schreibwettbewerb,der,-e,,,,
Schritt,der,-e,,,,
Schritt,der,-e,,,,
Schulabgänger,der,-,,,,
Schulabgänger,der,-,,,,
Schuldgefühl,das,-e,,,,
Schuldgefühl,das,-e,,,,
Schuldige,der/die,-n,,,,
Schuldige,der/die,-n,,,,
Schüleraustausch,der,-e,,,,
Schüleraustausch,der,-e,,,,
Schulerlebnis,das,-se,,,,
Schulerlebnis,das,-se,,,,
Schulfreund,der,-e,,,,
Schulfreund,der,-e,,,,
Schulhof,der,ö-e,,,,
Schulhof,der,ö-e,,,,
schulisch,,,,,,
schulisch,,,,,,
Schulkind,das,-er,,,,
Schulkind,das,-er,,,,
Schulrektor,der,-en,,,,
Schulrektor,der,-en,,,,
Schultag,der,-e,,,,
Schultag,der,-e,,,,
schusselig,,,,,,
schusselig,,,,,,
schwanken,,,,,,
schwanken,,,,,,
schwärmen,,,,,,
schwärmen,,,,,,
Schweinefutter,das,-,,,,
Schweinefutter,das,-,,,,
Schweinehund,der,-e,,,,
Schweinehund,der,-e,,,,
Schweinepest,die,,,,,
Schweinepest,die,,,,,
Schweiß,der,,,,,
Schweiß,der,,,,,
Schwerpunkt,der,-e,,,,
Schwerpunkt,der,-e,schwindet,schwand,ist,geschwunden
schwinden,,,schwindet,schwand,ist,geschwunden
schwinden,,,schwingt,schwang,hat,geschwungen
schwingen,,,schwingt,schwang,hat,geschwungen
schwingen,,,schwört,schwor,hat,geschworen
schwören,,,schwört,schwor,hat,geschworen
schwören,,,,,,
Seele,die,-n,,,,
Seele,die,-n,sieht,sah,hat,gesehen
sehen,,,sieht,sah,hat,gesehen
sehen,,,,,,
Sehnerv,der,-en,,,,
Sehnerv,der,-en,,,,
Sehverhalten,das,,,,,
Sehverhalten,das,,,,,
Seite,die,-n,,,,
Seite,die,-n,,,,
Seitenlappen,der,-,,,,
Seitenlappen,der,-,,,,
sekundär,,,,,,
sekundär,,,,,,
Sekundenbruchteil,der,-e,,,,
Sekundenbruchteil,der,-e,,,,
Selbstbewusstsein,das,,,,,
Selbstbewusstsein,das,,,,,
Selbstbild,das,,,,,
Selbstbild,das,,,,,
Selbstpräsentation,die,-en,,,,
Selbstpräsentation,die,-en,,,,
Selbstvertrauen,das,,,,,
selektiv,,,,,,
semantisch,,,,,,
Seminarlänge,die,,,,,
Sendeanstalt,die,-en,,,,
Sendepause,die,-n,,,,
Serie,die,-n,,,,
seriös,,,,,,
Sicherheit,die,-en,,,,
Sicht,die,,,,,
Sichtweise,die,-n,,,,
Sieb,das,-e,,,,
Siegel,das,-,,,,
Silbe,die,-n,,,,
Silvesterfeier,die,-n,,,,
Silvesternacht,die,ä-e,,,,
Sinn,der,-e,,,,
sinnhaft,,,,,,
Sitte,die,-n,,,,
sitzen,,,sitzt,saß,hat,gesessen
Ska,der,,,,,
Skateboard,das,-s,,,,
Skimaske,die,-n,,,,
Skiresort,das,-s,,,,
skrupulös,,,,,,
Skulptur,die,-en,,,,
Smoothie,der,-s,,,,
Soft Skill,der,-s,,,,
Sommerferien,die,Pl.,,,,
Sommerpause,die,-n,,,,
Sonnenaufgang,der,ä-e,,,,
Sonnenschein,der,,,,,
Sorge,die,-n,,,,
Sorgenkind,das,-er,,,,
Sozialkritik,die,,,,,
sozialkritisch,,,,,,
Sozialwerk,das,-e,,,,
Spa,das,-s,,,,
Spannung,die,-en,,,,
spannungsmindernd,,,,,,
Speicherung,die,-en,,,,
Spektrum,das,Spektren,,,,
spezialisieren,,,,,,
Spiel,das,-e,,,,
Spielcasino,das,-s,,,,
spielerisch,,,,,,
Spielkamerad,der,-en,,,,
Spielsucht,die,,,,,
spielsüchtig,,,,,,
Spielzug,der,ü-e,,,,
Spinat,der,,,,,
spinnen,,,spinnt,spann,hat,gesponnen
Spitze,die,-n,,,,
Spitzenläufer,der,-,,,,
Sportverein,der,-e,,,,
Spott,der,,,,,
Spracherkennung,die,,,,,
Spracherwerb,der,,,,,
Sprachgefüge,das,-,,,,
Sprachgefühl,das,,,,,
Sprachkontakt,der,-e,,,,
sprachlich,,,,,,
sprachlos,,,,,,
Sprachlosigkeit,die,,,,,
Sprachregel,die,-n,,,,
Sprachvermögen,das,,,,,
Sprechblase,die,-n,,,,
sprechen,,,spricht,sprach,hat,gesprochen
sprengen,,,,,,
springen,,,springt,sprang,ist,gesprungen
sprinten,,,,,,
spritzen,,,,,,
Spur,die,-en,,,,
stabil,,,,,,
Stadtmagazin,das,-e,,,,
Stadtteilschild,das,-er,,,,
Stadtverwaltung,die,-en,,,,
stählen,,,,,,
Stahlskelett,das,-e,,,,
Stand-up-paddling,das,,,,,
Standard,der,-s,,,,
Standardsprache,die,-n,,,,
Standbein,das,-e,,,,
Standort,der,-e,,,,
Standortbedingungen,die,Pl.,,,,
Standpunkt,der,-e,,,,
Stärke,die,-n,,,,
Start,der,-s,,,,
Start-Up,das,-s,,,,
Startloch,das,ö-er,,,,
stattdessen,,,,,,
staunen,,,,,,
stehen,,,steht,stand,hat,gestanden
steigern,,,,,,
Steigerung,die,-en,,,,
Steinkohle,die,,,,,
Steinplatte,die,-n,,,,
Stelle,die,-n,,,,
Stellenangebot,das,-e,,,,
Stellensuche,die,-n,,,,
Stellenwert,der,-e,,,,
Stellung,die,-en,,,,
stellvertretend,,,,,,
Sterbenswörtchen,das,,,,,
Sterblichkeit,die,,,,,
stets,,,,,,
Steuerung,die,-en,,,,
Steuervorteil,der,-e,,,,
stichhaltig,,,,,,
Stigma,das,-ta,,,,
Stilbruch,der,ü-e,,,,
Stimmfarbe,die,-n,,,,
Stipendium,das,Stipendien,,,,
Stoff,der,-e,,,,
Stofftier,das,-e,,,,
Stolperstein,der,-e,,,,
Stoppuhr,die,-en,,,,
Störungsbild,das,-er,,,,
stoßen,,,stößt,stieß,ist,gestoßen
Stoßstange,die,-n,,,,
strafbar,,,,,,
Strafe,die,-n,,,,
Strafgesetzbuch,das,ü-er,,,,
Strafrichter,der,-,,,,
Straftat,die,-en,,,,
Strandkorb,der,ö-e,,,,
Straßenmusik,die,,,,,
sträuben,,,,,,
straucheln,,,,,,
straucheln,,,,,,
strecken,,,,,,
strecken,,,,,,
Streetworker,der,-,,,,
Streetworker,der,-,,,,
streichen,,,streicht,strich,hat,gestrichen
streichen,,,streicht,strich,hat,gestrichen
Streitgespräch,das,-e,,,,
Streitgespräch,das,-e,,,,
streng,,,,,,
streng,,,,,,
stressig,,,,,,
stressig,,,,,,
Strom,der,,,,,
Strom,der,,,,,
Struktur,die,-en,,,,
Struktur,die,-en,,,,
strukturell,,,,,,
strukturell,,,,,,
strukturieren,,,,,,
strukturieren,,,,,,
Strukturwandel,der,-,,,,
Strukturwandel,der,-,,,,
Stubenhocker,der,-,,,,
Stubenhocker,der,-,,,,
Studentenleben,das,,,,,
Studentenleben,das,,,,,
Studentenorganisation,die,-en,,,,
Studentenorganisation,die,-en,,,,
Studienberatung,die,,,,,
Studienberatung,die,,,,,
Studienfach,das,ü-er,,,,
Studienfach,das,ü-er,,,,
Studiengang,der,ä-e,,,,
Studiengang,der,ä-e,,,,
Studienwechsel,der,-,,,,
Studienwechsel,der,-,,,,
Studiogast,der,ä-e,,,,
Studiogast,der,ä-e,,,,
sturmfrei,,,,,,
sturmfrei,,,,,,
Sturz,der,ü-e,,,,
Sturz,der,ü-e,,,,
subjektiv,,,,,,
subjektiv,,,,,,
Suche,die,,,,,
Suche,die,,,,,
Sud,der,-e,,,,
Sud,der,-e,,,,
Suizid,der,-e,,,,
Suizid,der,-e,,,,
Süße,der/die,-n,,,,
Süße,der/die,-n,,,,
Symptom,das,-e,,,,
Symptom,das,-e,,,,
systematisch,,,,,,
systematisch,,,,,,
Tagebuch,das,ü-er,,,,
Tagebuch,das,ü-er,,,,
Tagebucheintrag,der,ä-e,,,,
Tagebucheintrag,der,ä-e,,,,
Tagesgeschehen,das,,,,,
Tagesgeschehen,das,,,,,
Tank,der,-s,,,,
Tank,der,-s,,,,
Tarnung,die,-en,,,,
Tarnung,die,-en,,,,
Tat,die,-en,,,,
Tat,die,-en,,,,
Tattoo,das,-s,,,,
Tattoo,das,-s,,,,
taumeln,,,,,,
taumeln,,,,,,
Teamarbeit,die,,,,,
Teamarbeit,die,,,,,
teamfähig,,,,,,
teamfähig,,,,,,
Teamfähigkeit,die,,,,,
Teamfähigkeit,die,,,,,
Teamorientierung,die,,,,,
Teamorientierung,die,,,,,
Techno,der,,,,,
Techno,der,,,,,
technologieintensiv,,,,,,
technologieintensiv,,,,,,
Technologieunternehmen,das,-,,,,
Technologieunternehmen,das,-,,,,
Teilgebiet,das,-e,,,,
Teilgebiet,das,-e,,,,
Teilziel,das,-e,,,,
Teilziel,das,-e,,,,
Tellerrand,der,ä-er,,,,
Tellerrand,der,ä-er,,,,
Terminvereinbarung,die,-en,,,,
Terminvereinbarung,die,-en,,,,
Testperson,die,-en,,,,
Testperson,die,-en,,,,
textil,,,,,,
textil,,,,,,
Textinhalt,der,-e,,,,
Textinhalt,der,-e,,,,
Theaterbesuch,der,-e,,,,
Theaterbesuch,der,-e,,,,
Theatergruppe,die,-n,,,,
Theatergruppe,die,-n,,,,
Theaterleute,die,Pl.,,,,
Theaterleute,die,Pl.,,,,
thematisch,,,,,,
thematisch,,,,,,
Themenschwerpunkt,der,-e,,,,
Themenschwerpunkt,der,-e,,,,
theologisch,,,,,,
theologisch,,,,,,
These,die,-n,,,,
These,die,-n,,,,
Thriller,der,-,,,,
Thriller,der,-,,,,
tiefsinnig,,,,,,
tiefsinnig,,,,,,
Tierschützer,der,-,,,,
Tierschützer,der,-,,,,
Titel,der,-,,,,
Titel,der,-,,,,
Tod,der,-e,,,,
Tod,der,-e,,,,
Todesursache,die,-n,,,,
Todesursache,die,-n,,,,
tollpatschig,,,,,,
tollpatschig,,,,,,
Tonstudio,das,-s,,,,
Tonstudio,das,-s,,,,
Top Ten,die,-s,,,,
Top Ten,die,-s,,,,
Topwert,der,-e,,,,
Topwert,der,-e,,,,
Totschlag,der,,,,,
Totschlag,der,,,,,
Touristik,die,,,,,
Touristik,die,,,,,
Tournee,die,-n,,,,
Tournee,die,-n,,,,
tragen,,,trägt,trug,hat,getragen
tragen,,,trägt,trug,hat,getragen
Trainingsbuch,das,ü-er,,,,
Trainingsbuch,das,ü-er,,,,
Trainingszeit,die,-en,,,,
Trainingszeit,die,-en,,,,
Transaktion,die,-en,,,,
Transaktion,die,-en,,,,
Transparenz,die,,,,,
Transparenz,die,,,,,
Traube,die,-n,,,,
Traube,die,-n,,,,
Trauer,die,,,,,
Trauer,die,,,,,
Traum,der,ä-e,,,,
Traum,der,ä-e,,,,
treffen,,,trifft,traf,hat,getroffen
treffen,,,trifft,traf,hat,getroffen
treiben,,,treibt,trieb,hat,getrieben
treiben,,,treibt,trieb,hat,getrieben
Tresor,der,-e,,,,
Tresor,der,-e,,,,
Trio,das,-s,,,,
Trio,das,-s,,,,
Trompeter,der,-,,,,
Trompeter,der,-,,,,
trösten,,,,,,
trösten,,,,,,
tröstlich,,,,,,
tröstlich,,,,,,
tummeln,,,,,,
tummeln,,,,,,
tun,,,tut,tat,hat,getan
tun,,,tut,tat,hat,getan
Tutor,der,-en,,,,
Tutor,der,-en,,,,
übel,,,,,,
Übel,das,-,,,,
überbewerten,,,,,,
überbewerten,,,,,,
Überblick,der,,,,,
Überblick,der,,,,,
überdenken,,,überdenkt,überdachte,hat,überdacht
überdenken,,,überdenkt,überdachte,hat,überdacht
überdies,,,,,,
überdies,,,,,,
Übereinstimmung,die,-en,,,,
Übereinstimmung,die,-en,,,,
Überfall,der,ä-e,,,,
Überfall,der,ä-e,,,,
überfallen,,,überfällt,überfiel,hat,überfallen
überfallen,,,überfällt,überfiel,hat,überfallen
Überfluss,der,,,,,
Überfluss,der,,,,,
überflüssig,,,,,,
überflüssig,,,,,,
überfordern,,,,,,
überfordern,,,,,,
Übergang,der,ä-e,,,,
Übergang,der,ä-e,,,,
übergeben,,,übergibt,übergab,hat,übergeben
übergeben,,,übergibt,übergab,hat,übergeben
Übergewicht,das,,,,,
Übergewicht,das,,,,,
überhandnehmen,,,nimmt überhand,nahm überhand,hat,überhandgenommen
überhandnehmen,,,nimmt überhand,nahm überhand,hat,überhandgenommen
überlagern,,,,,,
überlagern,,,,,,
Überlegenheit,die,,,,,
Überlegenheit,die,,,,,
Überlegung,die,-en,,,,
Überlegung,die,-en,,,,
überleiten,,,,,,
überleiten,,,,,,
Übermacht,die,,,,,
Übermacht,die,,,,,
übermäßig,,,,,,
übermäßig,,,,,,
Überprüfung,die,-en,,,,
Überprüfung,die,-en,,,,
überrennen,,,überrennt,überrannte,hat,überrannt
überrennen,,,überrennt,überrannte,hat,überrannt
überschaubar,,,,,,
überschaubar,,,,,,
überschreiten,,,überschreitet,überschritt,hat,überschritten
überschreiten,,,überschreitet,überschritt,hat,überschritten
übersehen,,,übersieht,übersah,hat,übersehen
übersehen,,,übersieht,übersah,hat,übersehen
übersichtlich,,,,,,
übersichtlich,,,,,,
überspringen,,,überspringt,übersprang,hat,übersprungen
überspringen,,,überspringt,übersprang,hat,übersprungen
Überwachung,die,-en,,,,
Überwachung,die,-en,,,,
Überwachungskamera,die,-s,,,,
Überwachungskamera,die,-s,,,,
Überwachungssystem,das,-e,,,,
Überwachungssystem,das,-e,,,,
Überwachungsvideo,das,-s,,,,
Überwachungsvideo,das,-s,,,,
überwiegen,,überwiegt,überwog,hat,überwogen,
überwiegen,,überwiegt,überwog,hat,überwogen,
überwinden,,überwindet,überwand,hat,überwunden,
überwinden,,überwindet,überwand,hat,überwunden,
überzeugen,,,,,,
überzeugen,,,,,,
überzeugend,,,,,,
überzeugend,,,,,,
Überzeugung,die,-en,,,,
Überzeugung,die,-en,,,,
Umbau,der,-ten,,,,
Umbau,der,-ten,,,,
umbauen,,,,,,
umbauen,,,,,,
umbringen,,,bringt um,brachte um,hat,umgebracht
umbringen,,,bringt um,brachte um,hat,umgebracht
Umfang,der,ä-e,,,,
Umfang,der,ä-e,,,,
umfangreich,,,,,,
umfangreich,,,,,,
umfassen,,,,,,
umfassen,,,,,,
umfassend,,,,,,
umfassend,,,,,,
umformen,,,,,,
umformen,,,,,,
umgehen,,,geht um,ging um,ist,umgegangen
umgehen,,,geht um,ging um,ist,umgegangen
umgehend,,,,,,
umgehend,,,,,,
umgestalten,,,,,,
umgestalten,,,,,,
umkehren,,,,,,
umkehren,,,,,,
Umsatz,der,ä-e,,,,
Umsatz,der,ä-e,,,,
umschreiben,,,umschreibt,umschrieb,hat,umschrieben
umschreiben,,,umschreibt,umschrieb,hat,umschrieben
Umsetzung,die,-en,,,,
Umsetzung,die,-en,,,,
umständlich,,,,,,
umständlich,,,,,,
umstritten,,,,,,
umstritten,,,,,,
Umweltregel,die,-n,,,,
Umweltregel,die,-n,,,,
unauffällig,,,,,,
unauffällig,,,,,,
unbändig,,,,,,
unbändig,,,,,,
unbedenklich,,,,,,
unbedenklich,,,,,,
unbenutzt,,,,,,
unbenutzt,,,,,,
unbeschäftigt,,,,,,
unbeschwert,,,,,,
unbestechlich,,,,,,
unbewusst,,,,,,
unbezahlbar,,,,,,
undenkbar,,,,,,
undicht,,,,,,
unendlich,,,,,,
unerklärlich,,,,,,
unerlässlich,,,,,,
unerreichbar,,,,,,
unerträglich,,,,,,
unerwähnt,,,,,,
unerwartet,,,,,,
Unfallbeteiligte,der/die,-n,,,,
Unfallort,der,-e,,,,
Unfallquote,die,-n,,,,
Unfallrisiko,das,-s,,,,
ungebildet,,,,,,
ungebräuchlich,,,,,,
ungebrochen,,,,,,
ungeduldig,,,,,,
ungefragt,,,,,,
ungehemmt,,,,,,
ungerecht,,,,,,
ungeschickt,,,,,,
ungetrübt,,,,,,
ungewohnt,,,,,,
unhandlich,,,,,,
unheimlich,,,,,,
Unlust,die,,,,,
unmittelbar,,,,,,
unmoralisch,,,,,,
unpräsent,,,,,,
unrealistisch,,,,,,
Unrecht,das,,,,,
unschuldig,,,,,,
Unsicherheit,die,,,,,
unsichtbar,,,,,,
Unterbrechung,die,-en,,,,
unterbringen,,,bringt unter,brachte unter,hat,untergebracht
untereinander,,,,,,
Untergang,der,ä-e,,,,
unterhaltsam,,,,,,
untermauern,,,,,,
Unternehmen,das,-,,,,
Unternehmenskosten,die,Pl.,,,,
Unternehmensteil,der,-e,,,,
unterordnen,,,,,,
unterschätzen,,,,,,
unterscheiden,,,unterscheidet,unterschied,hat,unterschieden
Unterstützer,der,-,,,,
unterteilen,,,,,,
unüberschaubar,,,,,,
unverbindlich,,,,,,
unvergleichlich,,,,,,
unvermeidlich,,,,,,
unverschämt,,,,,,
unverzüglich,,,,,,
unvollständig,,,,,,
unwürdig,,,,,,
unzulässig,,,,,,
üppig,,,,,,
Urkundenfälschung,die,-en,,,,
Urzeit,die,-en,,,,
Utopie,die,-n,,,,
vage,,,,,,
Variante,die,-n,,,,
variieren,,,,,,
vehement,,,,,,
Verachtung,die,,,,,
Veränderungsbedürfnis,das,-se,,,,
Veränderungsbereitschaft,die,,,,,
verängstigen,,,,,,
veranlagt,,,,,,
Veranlagung,die,-en,,,,
veranstalten,,,,,,
verantworten,,,,,,
verarbeiten,,,,,,
verargumentieren,,,,,,
verbergen,,,verbirgt,verbarg,hat,verborgen
Verbesserungsmöglichkeit,die,-en,,,,
Verbindung,die,-en,,,,
verblassen,,,,,,
verbleiben,,,verbleibt,verblieb,ist,verblieben
verblüffen,,,,,,
Verbrechensplanung,die,,,,,
Verbrecherjagd,die,-en,,,,
verbreiten,,,,,,
Verbreitung,die,-en,,,,
verbummeln,,,,,,
verbünden,,,,,,
Verdächtigung,die,-en,,,,
verdanken,,,,,,
verdeutlichen,,,,,,
verdoppeln,,,,,,
Verdummung,die,,,,,
Vereinbarkeit,die,,,,,
Vereinbarung,die,-en,,,,
Vereinsarbeit,die,,,,,
Vereinsgeist,der,,,,,
Vereinsleben,das,,,,,
Vereinsmeierei,die,,,,,
vererben,,,,,,
Verfall,der,,,,,
Verfassung,die,-en,,,,
Verfilmung,die,-en,,,,
verfolgen,,,,,,
Verfolgung,die,-en,,,,
verfügbar,,,,,,
Verfügung,die,,,,,
Vergaser,der,-,,,,
vergeben,,,vergibt,vergab,hat,vergeben
vergehen,,,vergeht,verging,ist,vergangen
Vergehen,das,-,,,,
Vergessenheit,die,,,,,
vergesslich,,,,,,
vergleichbar,,,,,,
Verhaftung,die,-en,,,,
Verhaltenstherapie,die,-n,,,,
Verhaltensunterschied,der,-e,,,,
verhängen,,,,,,
verheimlichen,,,,,,
verhelfen,,,verhilft,verhalf,hat,verholfen
Verhör,das,-e,,,,
Verjährung,die,,,,,
verkappt,,,,,,
Verkaufstisch,der,-e,,,,
Verkehrsanbindung,die,-en,,,,
Verkehrsunfall,der,ä-e,,,,
Verkehrswesen,das,,,,,
verknüpfen,,,,,,
verkörpern,,,,,,
verkraften,,,,,,
verkürzt,,,,,,
Verlagerung,die,,,,,
Verlauf,der,ä-e,,,,
verlegen,,,,,,
Verlegenheit,die,-en,,,,
Verlegung,die,-en,,,,
verlernen,,,,,,
verlesen,,,verliest,verlas,hat,verlesen
verlieren,,,verliert,verlor,hat,verloren
Verlockung,die,-en,,,,
Vermeidung,die,,,,,
vermerken,,,,,,
vermischen,,,,,,
vermitteln,,,,,,
Vermutung,die,-en,,,,
vernachlässigen,,,,,,
vernetzt,,,,,,
Vernetzung,die,,,,,
Verpackung,die,-en,,,,
Verpflichtung,die,-en,,,,
verplant,,,,,,
verplempern,,,,,,
verpuffen,,,,,,
verringern,,,,,,
Verringerung,die,,,,,
Verrohung,die,,,,,
versagen,,,,,,
versammeln,,,,,,
verschaffen,,,,,,
Verschiedenartigkeit,die,,,,,
verschlingen,,,verschlingt,verschlang,hat,verschlungen
Verschluss,der,ü-e,,,,
verschreiben,,,verschreibt,verschrieb,hat,verschrieben
verschwenden,,,,,,
versetzt,,,,,,
versichert,,,,,,
Version,die,-en,,,,
versperren,,,,,,
verspielen,,,,,,
verspielen,,,,,,
verspüren,,,,,,
verspüren,,,,,,
verstärken,,,,,,
verstärken,,,,,,
Verstärkung,die,,,,,
Verstärkung,die,,,,,
versteckt,,,,,,
versteckt,,,,,,
Verstehenshilfe,die,-n,,,,
Verstehenshilfe,die,-n,,,,
verstellen,,,,,,
verstellen,,,,,,
verstopfen,,,,,,
verstopfen,,,,,,
verstorben,,,,,,
verstorben,,,,,,
Versuchsleiter,der,-,,,,
Versuchsleiter,der,-,,,,
versunken,,,,,,
versunken,,,,,,
verteidigen,,,,,,
verteidigen,,,,,,
verteuern,,,,,,
verteuern,,,,,,
verträglich,,,,,,
verträglich,,,,,,
vertrauensvoll,,,,,,
vertrauensvoll,,,,,,
Vertrauenswürdigkeit,die,,,,,
Vertrauenswürdigkeit,die,,,,,
vertretbar,,,,,,
vertretbar,,,,,,
vertreten,,,vertritt,vertrat,hat,vertreten
vertreten,,,vertritt,vertrat,hat,vertreten
verunglücken,,,,,,
verunglücken,,,,,,
verunsichern,,,,,,
verunsichern,,,,,,
verunsichert,,,,,,
verunsichert,,,,,,
Verwechslung,die,-en,,,,
Verwechslung,die,-en,,,,
Verwechslungskomödie,die,-n,,,,
Verwechslungskomödie,die,-n,,,,
verweigern,,,,,,
verweigern,,,,,,
verweisen,,,verweist,verwies,hat,verwiesen
verweisen,,,verweist,verwies,hat,verwiesen
Verwendung,die,-en,,,,
Verwendung,die,-en,,,,
verwickeln,,,,,,
verwickeln,,,,,,
verwirklichen,,,,,,
verwirklichen,,,,,,
verwirren,,,,,,
verwirren,,,,,,
verwöhnen,,,,,,
verwöhnen,,,,,,
Verwöhnurlaub,der,-e,,,,
Verwöhnurlaub,der,-e,,,,
verwunderlich,,,,,,
verwunderlich,,,,,,
verwundern,,,,,,
verwundern,,,,,,
Verzehr,der,,,,,
Verzehr,der,,,,,
verzehren,,,,,,
verzehren,,,,,,
verzetteln,,,,,,
verzetteln,,,,,,
verziehen,,,verzieht,verzog,hat,verzogen
verziehen,,,verzieht,verzog,hat,verzogen
verzögern,,,,,,
verzögern,,,,,,
verzweifeln,,,,,,
verzweifeln,,,,,,
verzweigen,,,,,,
verzweigen,,,,,,
Videospiel,das,-e,,,,
Videospiel,das,-e,,,,
vielerorts,,,,,,
vielerorts,,,,,,
vielfach,,,,,,
vielfach,,,,,,
Vielfalt,die,,,,,
Vielfalt,die,,,,,
vielfältig,,,,,,
vielfältig,,,,,,
vielmehr,,,,,,
vielmehr,,,,,,
vielversprechend,,,,,,
vielversprechend,,,,,,
Vita,die,Viten/Vitae,,,,
Vita,die,Viten/Vitae,,,,
Vitamintablette,die,-n,,,,
Vitamintablette,die,-n,,,,
Volksmusik,die,-en,,,,
Volksmusik,die,-en,,,,
Volksschule,die,-n,,,,
Volksschule,die,-n,,,,
Vollblutmusiker,der,-,,,,
Vollblutmusiker,der,-,,,,
vollendet,,,,,,
vollendet,,,,,,
vollkommen,,,,,,
vollkommen,,,,,,
Vollzeitjob,der,-s,,,,
Vollzeitjob,der,-s,,,,
vollziehen,,,vollzieht,vollzog,hat,vollzogen
vollziehen,,,vollzieht,vollzog,hat,vollzogen
vorangehen,,,geht voran,ging voran,ist,vorangegangen
vorangehen,,,geht voran,ging voran,ist,vorangegangen
vorankommen,,,kommt voran,kam voran,ist,vorangekommen
vorankommen,,,kommt voran,kam voran,ist,vorangekommen
vorantreiben,,,treibt voran,trieb voran,hat,vorangetrieben
vorantreiben,,,treibt voran,trieb voran,hat,vorangetrieben
vorbeifahren,,,fährt vorbei,fuhr vorbei,ist,vorbeigefahren
vorbeifahren,,,fährt vorbei,fuhr vorbei,ist,vorbeigefahren
vorbeirasen,,,,,,
vorbeirasen,,,,,,
vorbeugen,,,,,,
vorbeugen,,,,,,
voreilig,,,,,,
voreilig,,,,,,
vorfinanzieren,,,,,,
vorfinanzieren,,,,,,
vorführen,,,,,,
vorführen,,,,,,
vorgeben,,,gibt vor,gab vor,hat,vorgegeben
vorgeben,,,gibt vor,gab vor,hat,vorgegeben
Vorgehen,das,-,,,,
Vorgehen,das,-,,,,
Vorgesetzte,der/die,-n,,,,
Vorgesetzte,der/die,-n,,,,
Vorhaben,das,-,,,,
Vorhaben,das,-,,,,
vorhanden,,,,,,
vorhanden,,,,,,
vorherig,,,,,,
vorherig,,,,,,
vorkommen,,,kommt vor,kam vor,ist,vorgekommen
vorkommen,,,kommt vor,kam vor,ist,vorgekommen
Vorlage,die,-n,,,,
Vorlage,die,-n,,,,
vorleben,,,,,,
vorleben,,,,,,
vorlegen,,,,,,
vorlegen,,,,,,
Vorlesewettbewerb,der,-e,,,,
Vorlesewettbewerb,der,-e,,,,
vorliegen,,,liegt vor,lag vor,ist,vorgelegen
vorliegen,,,liegt vor,lag vor,ist,vorgelegen
Vorprodukt,das,-e,,,,
Vorprodukt,das,-e,,,,
Vorsatz,der,ä-e,,,,
Vorsatz,der,ä-e,,,,
vorsätzlich,,,,,,
vorsätzlich,,,,,,
Vorsitzende,der/die,-n,,,,
Vorsitzende,der/die,-n,,,,
Vorsprung,der,ü-e,,,,
Vorsprung,der,ü-e,,,,
Vorstufe,die,-n,,,,
Vorstufe,die,-n,,,,
Vortrag,der,ä-e,,,,
Vortrag,der,ä-e,,,,
vorübergehend,,,,,,
vorübergehend,,,,,,
Vorwand,der,ä-e,,,,
Vorwand,der,ä-e,,,,
vorwärtsgehen,,,geht vorwärts,ging vorwärts,ist,vorwärtsgegangen
vorwärtsgehen,,,geht vorwärts,ging vorwärts,ist,vorwärtsgegangen
vorziehen,,,zieht vor,zog vor,hat,vorgezogen
vorziehen,,,zieht vor,zog vor,hat,vorgezogen
vorzugsweise,,,,,,
vorzugsweise,,,,,,
wachsam,,,,,,
wachsam,,,,,,
wählerisch,,,,,,
wählerisch,,,,,,
Wahlkreis,der,-e,,,,
Wahlkreis,der,-e,,,,
Wahn,der,,,,,
Wahn,der,,,,,
wähnen,,,,,,
wähnen,,,,,,
Wahnsinn,der,,,,,
Wahnsinn,der,,,,,
wahrnehmen,,,nimmt wahr,nahm wahr,hat,wahrgenommen
wahrnehmen,,,nimmt wahr,nahm wahr,hat,wahrgenommen
Wahrscheinlichkeit,die,-en,,,,
Wahrscheinlichkeit,die,-en,,,,
Waisenkind,das,-er,,,,
Waisenkind,das,-er,,,,
walten,,,,,,
walten,,,,,,
Wandel,der,-,,,,
Wandel,der,-,,,,
wandeln,,,,,,
wandeln,,,,,,
wärmen,,,,,,
wärmen,,,,,,
Warmwasser,das,,,,,
Warmwasser,das,,,,,
Warnmeldung,die,-en,,,,
Warnmeldung,die,-en,,,,
Waschbenzin,das,,,,,
Waschbenzin,das,,,,,
wasserfarben,,,,,,
wasserfarben,,,,,,
Wasserleiche,die,-n,,,,
Wasserleiche,die,-n,,,,
Wasserstoff,der,,,,,
Wasserstoff,der,,,,,
Web,das,,,,,
Web,das,,,,,
Webportal,das,-e,,,,
Webportal,das,-e,,,,
Weg,der,-e,,,,
Weg,der,-e,,,,
wegbrechen,,,bricht weg,brach weg,ist,weggebrochen
wegbrechen,,,bricht weg,brach weg,ist,weggebrochen
weggehen,,,geht weg,ging weg,ist,weggegangen
weggehen,,,geht weg,ging weg,ist,weggegangen
weglassen,,,lässt weg,ließ weg,hat,weggelassen
weglassen,,,lässt weg,ließ weg,hat,weggelassen
wegsperren,,,,,,
wegsperren,,,,,,
wegziehen,,,zieht weg,zog weg,ist,weggezogen
wegziehen,,,zieht weg,zog weg,ist,weggezogen
wehren,,,,,,
wehren,,,,,,
weichen,,,weicht,wich,ist,gewichen
weichen,,,weicht,wich,ist,gewichen
Weide,die,-n,,,,
Weide,die,-n,,,,
weiden,,,,,,
weiden,,,,,,
Weidenrinde,die,-n,,,,
Weidenrinde,die,-n,,,,
Weile,die,-n,,,,
Weile,die,-n,,,,
Weise,die,-n,,,,
Weise,die,-n,,,,
weismachen,,,,,,
weismachen,,,,,,
weitaus,,,,,,
weitaus,,,,,,
weiterbringen,,,bringt weiter,brachte weiter,hat,weitergebracht
weiterbringen,,,bringt weiter,brachte weiter,hat,weitergebracht
weiterentwickeln,,,,,,
weiterentwickeln,,,,,,
weitererzählen,,,,,,
weitererzählen,,,,,,
weiterfahren,,,fährt weiter,fuhr weiter,ist,weitergefahren
weiterfahren,,,fährt weiter,fuhr weiter,ist,weitergefahren
weiterführen,,,,,,
weiterführen,,,,,,
Weitergabe,die,-n,,,,
Weitergabe,die,-n,,,,
weitergehen,,,geht weiter,ging weiter,ist,weitergegangen
weitergehen,,,geht weiter,ging weiter,ist,weitergegangen
weiterkommen,,,kommt weiter,kam weiter,ist,weitergekommen
weiterkommen,,,kommt weiter,kam weiter,ist,weitergekommen
weiterleben,,,,,,
weiterleben,,,,,,
weiterleiten,,,,,,
weiterleiten,,,,,,
Wellness,,,,,,
Wellness,,,,,,
Weltbild,das,-er,,,,
Weltbild,das,-er,,,,
Welthandel,der,,,,,
Welthandel,der,,,,,
Weltliteratur,die,,,,,
Weltliteratur,die,,,,,
weltumspannend,,,,,,
weltumspannend,,,,,,
Werbeabteilung,die,-en,,,,
Werbeabteilung,die,-en,,,,
Werbeslogan,der,-s,,,,
Werbeslogan,der,-s,,,,
Werdegang,der,ä-e,,,,
Werdegang,der,ä-e,,,,
Wert,der,-e,,,,
Wert,der,-e,,,,
Wettbewerbsdruck,der,,,,,
Wettbewerbsdruck,der,,,,,
Wette,die,-n,,,,
Wette,die,-n,,,,
Wettkampf,der,ä-e,,,,
Wettkampf,der,ä-e,,,,
Wichtigkeit,die,-en,,,,
Wichtigkeit,die,-en,,,,
widerlegen,,,,,,
widerlegen,,,,,,
widerspiegeln,,,,,,
widerspiegeln,,,,,,
widersprüchlich,,,,,,
widersprüchlich,,,,,,
Widerstandskraft,die,ä-e,,,,
Widerstandskraft,die,ä-e,,,,
widerstehen,,,widersteht,widerstand,hat,widerstanden
widerstehen,,,widersteht,widerstand,hat,widerstanden
Wiederaufbau,der,,,,,
Wiederaufbau,der,,,,,
wiederfinden,,,findet wieder,fand wieder,hat,wiedergefunden
wiederfinden,,,findet wieder,fand wieder,hat,wiedergefunden
wiederum,,,,,,
wiederum,,,,,,
wiegen,,,wiegt,wog,hat,gewogen
wiegen,,,wiegt,wog,hat,gewogen
Wille,der,,,,,
Wille,der,,,,,
Wind,der,-e,,,,
Wind,der,-e,,,,
Winkelschleifer,der,-,,,,
Winkelschleifer,der,-,,,,
Wintergarten,der,ä-,,,,
Wintergarten,der,ä-,,,,
winzig,,,,,,
winzig,,,,,,
Wirksamkeit,die,,,,,
Wirksamkeit,die,,,,,
Wirkstoff,der,-e,,,,
Wirkstoff,der,-e,,,,
wirtschaften,,,,,,
wirtschaften,,,,,,
Wirtschaftlichkeit,die,,,,,
Wirtschaftlichkeit,die,,,,,
Wirtschaftsgipfel,der,-,,,,
Wirtschaftsgipfel,der,-,,,,
Wirtschaftsinformatiker,der,-,,,,
Wirtschaftsinformatiker,der,-,,,,
Wirtschaftswachstum,das,,,,,
Wirtschaftswachstum,das,,,,,
Wirtschaftswunder,das,-,,,,
Wirtschaftswunder,das,-,,,,
Wirtschaftszweig,der,-e,,,,
Wirtschaftszweig,der,-e,,,,
Wissenslücke,die,-n,,,,
Wissenslücke,die,-n,,,,
woanders,,,,,,
woanders,,,,,,
wohldosiert,,,,,,
wohldosiert,,,,,,
Wohlstand,der,,,,,
Wohlstand,der,,,,,
Wohnbereich,der,-e,,,,
Wohnbereich,der,-e,,,,
Wohnungstür,die,-en,,,,
Wohnungstür,die,-en,,,,
wolkenlos,,,,,,
wolkenlos,,,,,,
Wollfaden,der,ä-,,,,
Wollfaden,der,ä-,,,,
womöglich,,,,,,
womöglich,,,,,,
wörtlich,,,,,,
wörtlich,,,,,,
Wortschatz,der,-e,,,,
Wortschatz,der,-e,,,,
wühlen,,,,,,
wühlen,,,,,,
Wundheilung,die,,,,,
Wundheilung,die,,,,,
Wunsch,der,-e,,,,
Wunsch,der,-e,,,,
Würfelzucker,der,-,,,,
Würfelzucker,der,-,,,,
wüst,,,,,,
wüst,,,,,,
Y-Chromosom,das,-e,,,,
Y-Chromosom,das,-e,,,,
Yoga,,,,,,
Yoga,,,,,,
Zack,,,,,,
Zack,,,,,,
zahlungsunfähig,,,,,,
zahlungsunfähig,,,,,,
Zahlungsunfähigkeit,die,,,,,
Zahlungsunfähigkeit,die,,,,,
Zahnarzt,der,ä-e,,,,
Zahnarzt,der,ä-e,,,,
Zahnmedizin,die,,,,,
Zahnmedizin,die,,,,,
zart,,,,,,
zart,,,,,,
Zeche,die,-n,,,,
Zeche,die,-n,,,,
zeitaufwendig,,,,,,
zeitaufwendig,,,,,,
Zeitdauer,die,,,,,
Zeitdauer,die,,,,,
Zeitdruck,der,,,,,
Zeitdruck,der,,,,,
Zeitempfinden,das,,,,,
Zeitempfinden,das,,,,,
Zeitfalle,die,-n,,,,
Zeitfalle,die,-n,,,,
Zeitgefühl,das,,,,,
Zeitgefühl,das,,,,,
Zeitgeist,der,,,,,
Zeitgeist,der,,,,,
zeitgemäß,,,,,,
zeitgemäß,,,,,,
zeitgenössisch,,,,,,
zeitgenössisch,,,,,,
zeitgleich,,,,,,
zeitgleich,,,,,,
Zeitintervall,der,-e,,,,
Zeitintervall,der,-e,,,,
zeitlich,,,,,,
zeitlich,,,,,,
zeitlos,,,,,,
zeitlos,,,,,,
Zeitmanagement,das,,,,,
Zeitmanagement,das,,,,,
zeitraubend,,,,,,
zeitraubend,,,,,,
Zeitspanne,die,-n,,,,
Zeitspanne,die,-n,,,,
zeitsparend,,,,,,
zeitsparend,,,,,,
Zeitunterschied,der,-e,,,,
Zeitunterschied,der,-e,,,,
Zeitverschwendung,die,,,,,
Zeitverschwendung,die,,,,,
zeitweise,,,,,,
zeitweise,,,,,,
Zeitzeuge,der,-n,,,,
Zeitzeuge,der,-n,,,,
zensieren,,,,,,
zensieren,,,,,,
zerfallen,,,zerfällt,zerfiel,ist,zerfallen
zerfallen,,,zerfällt,zerfiel,ist,zerfallen
zermürbt,,,,,,
zermürbt,,,,,,
Zerstörung,die,,,,,
Zerstörung,die,,,,,
zerstreuen,,,,,,
zerstreuen,,,,,,
Zerstreuung,die,-en,,,,
Zerstreuung,die,-en,,,,
Zeugenaussage,die,-n,,,,
Zeugenaussage,die,-n,,,,
Zeugenbefragung,die,-en,,,,
Zeugenbefragung,die,-en,,,,
ziehen,,,zieht,zog,hat,gezogen
ziehen,,,zieht,zog,hat,gezogen
Ziel,das,-e,,,,
Ziel,das,-e,,,,
Zielgruppe,die,-n,,,,
Zielgruppe,die,-n,,,,
Zielland,das,ü-er,,,,
Zielland,das,ü-er,,,,
Zielorientierung,die,,,,,
Zielorientierung,die,,,,,
zielstrebig,,,,,,
zielstrebig,,,,,,
Zielstrebigkeit,die,,,,,
Zielstrebigkeit,die,,,,,
Zins,der,-en,,,,
Zins,der,-en,,,,
zirpen,,,,,,
zirpen,,,,,,
zocken,,,,,,
zocken,,,,,,
Zoff,der,-s,,,,
Zoff,der,-s,,,,
zubeißen,,,beißt zu,biss zu,hat,zugebissen
zubeißen,,,beißt zu,biss zu,hat,zugebissen
Zubereitung,die,-en,,,,
Zubereitung,die,-en,,,,
Zucht,die,,,,,
Zucht,die,,,,,
zucken,,,,,,
zucken,,,,,,
zuckerfrei,,,,,,
zuckerfrei,,,,,,
zueinander,,,,,,
zueinander,,,,,,
Zug,der,ü-e,,,,
Zug,der,ü-e,,,,
zugeben,,,gibt zu,gab zu,hat,zugegeben
zugeben,,,gibt zu,gab zu,hat,zugegeben
Zugfahrt,die,-en,,,,
Zugfahrt,die,-en,,,,
zukaufen,,,,,,
zukaufen,,,,,,
zukommen,,,kommt zu,kam zu,ist,zugekommen
zukommen,,,kommt zu,kam zu,ist,zugekommen
zukunftsorientiert,,,,,,
zukunftsorientiert,,,,,,
Zukunftsperspektive,die,-n,,,,
Zukunftsperspektive,die,-n,,,,
zulässig,,,,,,
zulässig,,,,,,
Zulassungsvoraussetzung,die,-en,,,,
Zulassungsvoraussetzung,die,-en,,,,
zulasten,,,,,,
zulasten,,,,,,
zulegen,,,,,,
zulegen,,,,,,
Zumba,das,,,,,
Zumba,das,,,,,
Zunahme,die,,,,,
Zunahme,die,,,,,
zunicken,,,,,,
zunicken,,,,,,
zurechtfinden,,,findet zurecht,fand zurecht,hat,zurechtgefunden
zurechtfinden,,,findet zurecht,fand zurecht,hat,zurechtgefunden
zurückblicken,,,,,,
zurückblicken,,,,,,
zurückdenken,,,denkt zurück,dachte zurück,hat,zurückgedacht
zurückdenken,,,denkt zurück,dachte zurück,hat,zurückgedacht
zurückerhalten,,,erhält zurück,erhielt zurück,hat,zurückerhalten
zurückführen,,,,,,
zurückhalten,,,hält zurück,hielt zurück,hat,zurückgehalten
zurückkommen,,,kommt zurück,kam zurück,ist,zurückgekommen
zurücknicken,,,,,,
zurückrufen,,,ruft zurück,rief zurück,hat,zurückgerufen
zurückschalten,,,,,,
zurückschrecken,,,,,,
zurückzahlen,,,,,,
zurückziehen,,,zieht zurück,zog zurück,hat,zurückgezogen
zurufen,,,ruft zu,rief zu,hat,zugerufen
Zusage,die,-n,,,,
zusammenfassend,,,,,,
zusammenfegen,,,,,,
zusammenfügen,,,,,,
zusammenführen,,,,,,
Zusammengehörigkeitsgefühl,das,-e,,,,
zusammenhaben,,,hat zusammen,hatte zusammen,hat,zusammengehabt
zusammenhalten,,,hält zusammen,hielt zusammen,hat,zusammengehalten
Zusammenhang,der,ä-e,,,,
zusammenhängen,,,hängt zusammen,hing zusammen,hat,zusammengehangen
zusammenkriegen,,,,,,
Zusammenschluss,der,ü-e,,,,
Zusammenschnitt,der,-e,,,,
zusammenschweißen,,,,,,
zusammenstellen,,,,,,
Zusatzeinrichtung,die,-en,,,,
Zusatzstoff,der,-e,,,,
Zuschrift,die,-en,,,,
zusehen,,,sieht zu,sah zu,hat,zugesehen
zustehen,,,steht zu,stand zu,hat,zugestanden
zuteilen,,,teilt zu,teilte zu,hat,zugeteilt
Zuverlässigkeit,die,,,,,
zuversichtlich,,,,,,
zuvor,,,,,,
zuweisen,,,weist zu,wies zu,hat,zugewiesen
zweckgebunden,,,,,,
zweifellos,,,,,,
Zweifelsfall,der,ä-e,,,,
Zweig,der,-e,,,,
Zwiebelsaft,der,ä-e,,,,
zwischendurch,,,,,,
zwischenmenschlich,,,,,,
Zwischenprodukt,das,-e,,,,